id,lesson,type,speaker_or_blank,text,translation_or_blank,text_tts
L01_01,1,phrase,콩이,안녕하세요! 무인도 이주 패키지 체크인 카운터에 찾아주셔서 감사합니다.,¡Hola! Gracias por venir al mostrador de registro del paquete de mudanza a una isla desierta.,안녕하세요! 무인도 이주 패키지 체크인 카운터에 찾아주셔서 감사합니다.
L01_02,1,phrase,밤이,여기는 섬 생활 안내 카운터입니다. 저희가 준비를 담당하고 있어요.,Este es el mostrador de orientación para la vida en la isla. Nosotros estamos a cargo de los preparativos.,여기는 섬 생활 안내 카운터입니다. 저희가 준비를 담당하고 있어요.
L01_03,1,phrase,사울,"처음 이용하는 건가요? 아니요, 제가 묻는 사람이 아니죠.","¿Es la primera vez que lo utiliza? No, yo no soy quien debería preguntar eso.","처음 이용하는 건가요? 아니요, 제가 묻는 사람이 아니죠."
L01_04,1,phrase,콩이,맞아요. 하지만 오늘 프린터가 담당자라서 모두 조금 혼란스러워요.,"Correcto. Pero hoy la impresora está a cargo, así que todos estamos algo confundidos.",맞아요. 하지만 오늘 프린터가 담당자라서 모두 조금 혼란스러워요.
L01_05,1,phrase,프린터,신청을 확인해야 해요. 종이를 넣어 주세요.,"Hay que comprobar la solicitud. Por favor, introduzca papel.",신청을 확인해야 해요. 종이를 넣어 주세요.
L01_06,1,phrase,밤이,프린터한테 잘 부탁드립니다. 화가 나면 이름을 전부 대문자로 써요.,"Cuente con la impresora. Cuando se enfada, escribe todo el nombre en mayúsculas.",프린터한테 잘 부탁드립니다. 화가 나면 이름을 전부 대문자로 써요.
L01_07,1,phrase,사울,그럼 바로 본론으로 들어가요.,Entonces vayamos directamente al asunto.,그럼 바로 본론으로 들어가요.
L01_08,1,phrase,콩이,좋아요. 지금부터 새로운 생활을 위한 준비를 진행하겠습니다.,Bien. A partir de ahora procederemos con los preparativos para su nueva vida.,좋아요. 지금부터 새로운 생활을 위한 준비를 진행하겠습니다.
L01_09,1,phrase,프린터,삐빅. 공백이 너무 많습니다.,Bip. Hay demasiados espacios.,삐빅. 공백이 너무 많습니다.
L01_10,1,phrase,사울,아직 시작도 안 했는데요…,Pero si todavía ni hemos empezado…,아직 시작도 안 했는데요…
L02_01,2,phrase,콩이,손님의 성함과 생일을 알려주시겠어요?,¿Podría decirnos su nombre y fecha de nacimiento?,손님의 성함과 생일을 알려주시겠어요?
L02_02,2,phrase,사울,이름은 사울이고 생일은 오월 이십삼 일이에요.,Me llamo Saúl y mi cumpleaños es el 23 de mayo.,이름은 사울이고 생일은 오월 이십삼 일이에요.
L02_03,2,phrase,밤이,한글이나 영문으로 입력할 수 있어요. 기호도 사용할 수 있습니다.,Puede escribirlo en hangul o con letras latinas. También puede usar símbolos.,한글이나 영문으로 입력할 수 있어요. 기호도 사용할 수 있습니다.
L02_04,2,phrase,프린터,개행은 사용할 수 없습니다. 저는 줄이 바뀌는 걸 싫어합니다.,No se puede usar salto de línea. No me gusta que cambien las líneas.,개행은 사용할 수 없습니다. 저는 줄이 바뀌는 걸 싫어합니다.
L02_05,2,phrase,콩이,이 모습이 맞으신가요?,¿Esta apariencia es correcta?,이 모습이 맞으신가요?
L02_06,2,phrase,사울,피부색은 괜찮지만 볼을 조금 바꾸고 싶어요.,"El tono de piel está bien, pero quiero cambiar un poco las mejillas.",피부색은 괜찮지만 볼을 조금 바꾸고 싶어요.
L02_07,2,phrase,밤이,상담을 통해 마음껏 꾸밀 수 있어요.,Puede personalizarse libremente mediante la consulta.,상담을 통해 마음껏 꾸밀 수 있어요.
L02_08,2,phrase,사울,다시 생각할래요. 머리가 갑자기 버섯처럼 됐어요.,Quiero pensarlo otra vez. Mi cabello de repente quedó como un hongo.,다시 생각할래요. 머리가 갑자기 버섯처럼 됐어요.
L02_09,2,phrase,콩이,변경이 확인됐습니다. 이제 확정할까요?,El cambio quedó confirmado. ¿Lo confirmamos ahora?,변경이 확인됐습니다. 이제 확정할까요?
L02_10,2,phrase,사울,네. 사진을 찍을게요. 프린터는 빼고요.,Sí. Tomaré la foto. Sin la impresora.,네. 사진을 찍을게요. 프린터는 빼고요.
L03_01,3,phrase,밤이,새로운 생활을 위해서 사계절과 기후를 정하려고 합니다.,Para su nueva vida vamos a decidir las estaciones y el clima.,새로운 생활을 위해서 사계절과 기후를 정하려고 합니다.
L03_02,3,phrase,콩이,사는 곳은 어디인가요? 대략적으로만 알려주세요.,¿Dónde vive? Díganoslo solo aproximadamente.,사는 곳은 어디인가요? 대략적으로만 알려주세요.
L03_03,3,phrase,사울,북미예요. 멕시코에 살아요.,Norteamérica. Vivo en México.,북미예요. 멕시코에 살아요.
L03_04,3,phrase,밤이,한국에 사시는 줄 알았어요.,Pensé que vivía en Corea.,한국에 사시는 줄 알았어요.
L03_05,3,phrase,사울,해외에도 한국어를 공부하는 사람이 있어요.,También hay gente que estudia coreano fuera de Corea.,해외에도 한국어를 공부하는 사람이 있어요.
L03_06,3,phrase,콩이,그러시다면 북반구의 섬을 추천하고 싶은데 어떠신가요?,"Si es así, nos gustaría recomendarle una isla del hemisferio norte. ¿Qué le parece?",그러시다면 북반구의 섬을 추천하고 싶은데 어떠신가요?
L03_07,3,phrase,사울,좋아요. 남반구는 계절의 흐름이 정반대죠?,"Bien. En el hemisferio sur el transcurso de las estaciones es completamente opuesto, ¿verdad?",좋아요. 남반구는 계절의 흐름이 정반대죠?
L03_08,3,phrase,지도리,지도 중에서 마음에 드는 곳을 골라주세요!,¡Elija en el mapa el lugar que le guste!,지도 중에서 마음에 드는 곳을 골라주세요!
L03_09,3,phrase,사울,이 섬은 지형의 느낌이 좋아요.,Me gusta la sensación del terreno de esta isla.,이 섬은 지형의 느낌이 좋아요.
L03_10,3,phrase,지도리,드디어 정해졌네요! 물론 저는 다른 섬을 추천했지만요.,¡Por fin quedó decidido! Aunque yo había recomendado otra isla.,드디어 정해졌네요! 물론 저는 다른 섬을 추천했지만요.
L04_01,4,phrase,콩이,마지막으로 하나만 더 여쭤봐도 될까요?,"Por último, ¿podemos preguntarle una cosa más?",마지막으로 하나만 더 여쭤봐도 될까요?
L04_02,4,phrase,콩이,무인도에 물건 하나만 가져갈 수 있다면 무엇을 고르시겠어요?,"Si pudiera llevar solo un objeto a una isla desierta, ¿qué elegiría?",무인도에 물건 하나만 가져갈 수 있다면 무엇을 고르시겠어요?
L04_03,4,phrase,사울,침낭이요. 전등이나 음식도 필요하지만 먼저 자고 싶어요.,"Un saco de dormir. También necesito una lámpara y comida, pero primero quiero dormir.",침낭이요. 전등이나 음식도 필요하지만 먼저 자고 싶어요.
L04_04,4,phrase,밤이,오락거리는 안 고르세요?,¿No elegirá entretenimiento?,오락거리는 안 고르세요?
L04_05,4,phrase,사울,제 오락거리는 여러분의 설명을 이해하려고 노력하는 거예요.,Mi entretenimiento será intentar entender sus explicaciones.,제 오락거리는 여러분의 설명을 이해하려고 노력하는 거예요.
L04_06,4,phrase,안내방송,"승객 여러분, 탑승 수속을 시작합니다. 탑승구로 이동해 주시기 바랍니다.","Pasajeros, comenzamos el embarque. Se ruega que se dirijan a la puerta.","승객 여러분, 탑승 수속을 시작합니다. 탑승구로 이동해 주시기 바랍니다."
L04_07,4,phrase,사울,비행기가 이륙했나 봐요.,Parece que el avión ya despegó.,비행기가 이륙했나 봐요.
L04_08,4,phrase,콩이,비행 중에는 섬 생활에 대한 영상을 보면서 편안하게 시간을 보내세요.,"Durante el vuelo, pase el tiempo cómodamente viendo un video sobre la vida en la isla.",비행 중에는 섬 생활에 대한 영상을 보면서 편안하게 시간을 보내세요.
L04_09,4,phrase,밤이,긴 여행길 고생 많으셨습니다. 이제 저희를 따라오세요.,Gracias por el esfuerzo durante el largo viaje. Ahora síganos.,긴 여행길 고생 많으셨습니다. 이제 저희를 따라오세요.
L04_10,4,phrase,사울,아직은 저장할 수 없나 봐…,Parece que todavía no se puede guardar…,아직은 저장할 수 없나 봐…
L05_01,5,phrase,관리자,이 텐트는 오늘부터 사울 씨의 집입니다.,"Desde hoy, esta tienda de campaña es la casa de Saúl.",이 텐트는 오늘부터 사울 씨의 집입니다.
L05_02,5,phrase,사울,집이라고 하기에는 바람이 너무 잘 들어와요.,"Para llamarla casa, entra demasiado viento.",집이라고 하기에는 바람이 너무 잘 들어와요.
L05_03,5,phrase,관리자,걱정하지 마세요. 대출금만 갚으면 진짜 집을 지을 수 있어요.,No se preocupe. Cuando pague el préstamo podrá construir una casa de verdad.,걱정하지 마세요. 대출금만 갚으면 진짜 집을 지을 수 있어요.
L05_04,5,phrase,사울,대출금이 얼마예요?,¿Cuánto es el préstamo?,대출금이 얼마예요?
L05_05,5,phrase,관리자,구만 팔천 벨입니다.,"Son 98,000 bayas.",구만 팔천 벨입니다.
L05_06,5,phrase,사울,텐트보다 숫자가 더 커 보여요.,El número parece más grande que la tienda.,텐트보다 숫자가 더 커 보여요.
L05_07,5,phrase,지도리,너굴 마일을 모으면 도움이 될 거예요.,Reunir Millas Nook será de ayuda.,너굴 마일을 모으면 도움이 될 거예요.
L05_08,5,phrase,사울,마일리지로 빚도 교환할 수 있어요?,¿También puedo canjear la deuda con las millas?,마일리지로 빚도 교환할 수 있어요?
L05_09,5,phrase,관리자,그 질문은 다음 상담을 통해 확인하겠습니다.,Comprobaremos esa pregunta mediante otra consulta.,그 질문은 다음 상담을 통해 확인하겠습니다.
L05_10,5,phrase,사울,대답이 아니라 도망이네요.,Eso no es una respuesta; es una huida.,대답이 아니라 도망이네요.
L06_01,6,phrase,지도리,도구를 만들려면 나뭇가지와 돌이 필요해요.,Para fabricar herramientas necesita ramas y piedras.,도구를 만들려면 나뭇가지와 돌이 필요해요.
L06_02,6,phrase,사울,필요한 재료를 모아야 해요.,Tengo que reunir los materiales necesarios.,필요한 재료를 모아야 해요.
L06_03,6,phrase,지도리,나무를 흔들면 나뭇가지가 떨어질 거예요.,Si sacude el árbol caerán ramas.,나무를 흔들면 나뭇가지가 떨어질 거예요.
L06_04,6,phrase,사울,벌집도 떨어질 수 있죠?,"También puede caer un panal, ¿verdad?",벌집도 떨어질 수 있죠?
L06_05,6,phrase,지도리,그건 설명서의 아주 작은 글자에 쓰여 있어요.,Eso está escrito en la letra muy pequeña del manual.,그건 설명서의 아주 작은 글자에 쓰여 있어요.
L06_06,6,phrase,사울,도끼를 만들었어요!,¡Fabriqué un hacha!,도끼를 만들었어요!
L06_07,6,phrase,사부,도구는 힘이 아니라 마음으로 사용해야 한다.,"Las herramientas deben usarse con el corazón, no con la fuerza.",도구는 힘이 아니라 마음으로 사용해야 한다.
L06_08,6,phrase,사울,그럼 이 바위를 쳐 볼게요.,Entonces probaré a golpear esta roca.,그럼 이 바위를 쳐 볼게요.
L06_09,6,phrase,도끼,딱.,Crac.,딱.
L06_10,6,phrase,사울,전설의 도끼가 십 초 만에 끝났어요.,El hacha legendaria terminó en diez segundos.,전설의 도끼가 십 초 만에 끝났어요.
L07_01,7,phrase,토순,잡초가 광장까지 왔어요!,¡La maleza llegó hasta la plaza!,잡초가 광장까지 왔어요!
L07_02,7,phrase,사울,잡초를 뽑고 꽃을 심어요.,Arrancaremos la maleza y plantaremos flores.,잡초를 뽑고 꽃을 심어요.
L07_03,7,phrase,토순,복숭아 나무도 심으면 섬이 더 예뻐질 거예요.,"Si plantamos durazneros, la isla se verá más bonita.",복숭아 나무도 심으면 섬이 더 예뻐질 거예요.
L07_04,7,phrase,사울,과일을 먼저 먹어도 돼요?,¿Puedo comer primero la fruta?,과일을 먼저 먹어도 돼요?
L07_05,7,phrase,토순,"하나는 먹고, 나머지는 심어 주세요.",Coma una y plante las demás.,"하나는 먹고, 나머지는 심어 주세요."
L07_06,7,phrase,사부,잡초도 살아 있는 상대다. 예의를 지켜라.,La maleza también es un rival vivo. Muéstrale respeto.,잡초도 살아 있는 상대다. 예의를 지켜라.
L07_07,7,phrase,사울,죄송하지만 뽑을게요.,"Lo siento, pero voy a arrancarte.",죄송하지만 뽑을게요.
L07_08,7,phrase,지도리,주머니가 가득 차면 소지품을 확인해보세요.,"Cuando los bolsillos estén llenos, revise sus pertenencias.",주머니가 가득 차면 소지품을 확인해보세요.
L07_09,7,phrase,사울,잡초가 제 소지품의 절반이에요.,La mitad de mis pertenencias es maleza.,잡초가 제 소지품의 절반이에요.
L07_10,7,phrase,토순,이제 길이 다시 보여요!,¡Ahora vuelve a verse el camino!,이제 길이 다시 보여요!
L08_01,8,phrase,파덕,낚싯대로 물고기를 잡아요. 아주 간단해요.,Se pescan peces con una caña. Es muy sencillo.,낚싯대로 물고기를 잡아요. 아주 간단해요.
L08_02,8,phrase,사울,어떻게 잡아요?,¿Cómo se atrapan?,어떻게 잡아요?
L08_03,8,phrase,파덕,물고기가 찌를 물 때까지 기다려요.,Espere hasta que el pez muerda el flotador.,물고기가 찌를 물 때까지 기다려요.
L08_04,8,phrase,사울,지금인가요?,¿Ahora?,지금인가요?
L08_05,8,phrase,파덕,아직이에요.,Todavía no.,아직이에요.
L08_06,8,phrase,사울,지금은요?,¿Y ahora?,지금은요?
L08_07,8,phrase,파덕,제가 먼저 강에 빠졌네요.,Parece que yo caí primero al río.,제가 먼저 강에 빠졌네요.
L08_08,8,phrase,사울,물고기를 잡았어요!,¡Atrapé un pez!,물고기를 잡았어요!
L08_09,8,phrase,파덕,좋아요. 박물관에 기부할 수도 있어요.,Bien. También puede donarlo al museo.,좋아요. 박물관에 기부할 수도 있어요.
L08_10,8,phrase,사울,선생님도 먼저 물에서 나오세요.,"Maestro, salga primero del agua.",선생님도 먼저 물에서 나오세요.
L09_01,9,phrase,사울,잠자리채로 곤충을 잡았어요.,Atrapé un insecto con la red.,잠자리채로 곤충을 잡았어요.
L09_02,9,phrase,관장,축하합니다. 그런데 상자는 닫아 주세요.,Felicidades. Pero cierre la caja.,축하합니다. 그런데 상자는 닫아 주세요.
L09_03,9,phrase,사울,곤충을 무서워하세요?,¿Le dan miedo los insectos?,곤충을 무서워하세요?
L09_04,9,phrase,관장,무서운 건 아니에요. 그냥 아주 멀리 있고 싶어요.,No es miedo. Solo quiero estar muy lejos.,무서운 건 아니에요. 그냥 아주 멀리 있고 싶어요.
L09_05,9,phrase,토순,새로운 곤충을 박물관에 기부할게요.,Donaré un insecto nuevo al museo.,새로운 곤충을 박물관에 기부할게요.
L09_06,9,phrase,관장,진심으로 감사합니다. 저는 다른 방에 있겠습니다.,Se lo agradezco sinceramente. Estaré en otra sala.,진심으로 감사합니다. 저는 다른 방에 있겠습니다.
L09_07,9,phrase,사울,조개와 물고기도 가져왔어요.,También traje conchas y peces.,조개와 물고기도 가져왔어요.
L09_08,9,phrase,관장,그건 훨씬 좋아요. 움직임이 적으니까요.,"Eso es mucho mejor, porque se mueven menos.",그건 훨씬 좋아요. 움직임이 적으니까요.
L09_09,9,phrase,지도리,목록에서 기부할 것을 선택해주세요.,Seleccione de la lista lo que desea donar.,목록에서 기부할 것을 선택해주세요.
L09_10,9,phrase,사울,박물관이 조금씩 채워지고 있어요.,El museo se está llenando poco a poco.,박물관이 조금씩 채워지고 있어요.
L10_01,10,phrase,사울,땅을 파다가 화석을 발견했어요.,Encontré un fósil mientras cavaba.,땅을 파다가 화석을 발견했어요.
L10_02,10,phrase,지도리,삽으로 조심해서 캐야 해요.,Tiene que extraerlo con cuidado usando la pala.,삽으로 조심해서 캐야 해요.
L10_03,10,phrase,관장,이 화석 안에 이상한 금속 조각이 있어요.,Dentro del fósil hay una pieza extraña de metal.,이 화석 안에 이상한 금속 조각이 있어요.
L10_04,10,phrase,사울,열쇠 같은 거예요?,¿Es algo parecido a una llave?,열쇠 같은 거예요?
L10_05,10,phrase,지도리,지도 조각인 것 같아요.,Parece un fragmento de mapa.,지도 조각인 것 같아요.
L10_06,10,phrase,사부,오래된 물건에는 오래된 약속이 있다.,Los objetos antiguos contienen promesas antiguas.,오래된 물건에는 오래된 약속이 있다.
L10_07,10,phrase,사울,저기 파란 사람이 보였어요.,Vi a una persona azul allí.,저기 파란 사람이 보였어요.
L10_08,10,phrase,토순,어디에요? 저는 아무것도 못 봤어요.,¿Dónde? Yo no vi nada.,어디에요? 저는 아무것도 못 봤어요.
L10_09,10,phrase,사울,잠깐 나타났다가 사라졌어요.,Apareció un momento y desapareció.,잠깐 나타났다가 사라졌어요.
L10_10,10,phrase,관장,기록을 찾아봐야 할 것 같아요.,Creo que tendremos que buscar registros.,기록을 찾아봐야 할 것 같아요.
L11_01,11,phrase,상인,어서 오세요. 무엇을 도와드릴까요?,Bienvenido. ¿En qué puedo ayudarle?,어서 오세요. 무엇을 도와드릴까요?
L11_02,11,phrase,사울,이 물건을 판매할게요.,Voy a vender este objeto.,이 물건을 판매할게요.
L11_03,11,phrase,상인,"구입하시겠어요, 판매하시겠어요?",¿Desea comprar o vender?,"구입하시겠어요, 판매하시겠어요?"
L11_04,11,phrase,사울,방금 판매한다고 했어요.,Acabo de decir que quiero vender.,방금 판매한다고 했어요.
L11_05,11,phrase,상인,확인을 위한 확인입니다.,Es una confirmación para confirmar.,확인을 위한 확인입니다.
L11_06,11,phrase,사울,이건 얼마인가요?,¿Cuánto cuesta esto?,이건 얼마인가요?
L11_07,11,phrase,상인,두 개 구입하면 가격이 두 배입니다.,"Si compra dos, el precio es el doble.",두 개 구입하면 가격이 두 배입니다.
L11_08,11,phrase,사울,그건 할인이 아니에요.,Eso no es un descuento.,그건 할인이 아니에요.
L11_09,11,phrase,상인,주문을 확인해주세요. 취소하시겠어요?,Confirme el pedido. ¿Desea cancelar?,주문을 확인해주세요. 취소하시겠어요?
L11_10,11,phrase,사울,네. 상점 전체를 취소하고 싶어요.,Sí. Quiero cancelar toda la tienda.,네. 상점 전체를 취소하고 싶어요.
L12_01,12,phrase,여행자,혹시 이 근처에 광장이 있나요?,¿Por casualidad hay una plaza cerca de aquí?,혹시 이 근처에 광장이 있나요?
L12_02,12,phrase,사울,바로 뒤에 있어요.,Está justo detrás.,바로 뒤에 있어요.
L12_03,12,phrase,여행자,길을 잃은 것 같아요.,Creo que me perdí.,길을 잃은 것 같아요.
L12_04,12,phrase,지도리,새로운 주민인가요?,¿Es un nuevo residente?,새로운 주민인가요?
L12_05,12,phrase,여행자,네. 섬 생활에 초대받았어요.,Sí. Me invitaron a vivir en la isla.,네. 섬 생활에 초대받았어요.
L12_06,12,phrase,사울,친구를 초대할 수 있어요. 같이 가요.,Se puede invitar a un amigo. Venga conmigo.,친구를 초대할 수 있어요. 같이 가요.
L12_07,12,phrase,여행자,집은 어디에 놓을까요?,¿Dónde colocaremos la casa?,집은 어디에 놓을까요?
L12_08,12,phrase,토순,마음에 드는 곳을 골라주세요.,Elija un lugar que le guste.,마음에 드는 곳을 골라주세요.
L12_09,12,phrase,여행자,이거 마음에 들어요.,Me gusta este.,이거 마음에 들어요.
L12_10,12,phrase,사울,이제 집에서 광장까지 삼 미터예요. 다시 길을 잃지 마세요.,Ahora hay tres metros de su casa a la plaza. No vuelva a perderse.,이제 집에서 광장까지 삼 미터예요. 다시 길을 잃지 마세요.
L13_01,13,phrase,토순,집을 꾸미고 싶어요?,¿Quiere decorar su casa?,집을 꾸미고 싶어요?
L13_02,13,phrase,사울,네. 가구를 배치하고 싶어요.,Sí. Quiero colocar muebles.,네. 가구를 배치하고 싶어요.
L13_03,13,phrase,지도리,이걸 어디에 둘까요?,¿Dónde ponemos esto?,이걸 어디에 둘까요?
L13_04,13,phrase,사울,여기에 놓아주세요.,"Por favor, póngalo aquí.",여기에 놓아주세요.
L13_05,13,phrase,토순,침대는 창문 옆이 좋아요.,La cama queda bien junto a la ventana.,침대는 창문 옆이 좋아요.
L13_06,13,phrase,사울,탁자는 문을 막고 있어요.,La mesa está bloqueando la puerta.,탁자는 문을 막고 있어요.
L13_07,13,phrase,지도리,옮기면 돼요.,Solo hay que moverla.,옮기면 돼요.
L13_08,13,phrase,사울,가구를 배치해요. 그런데 집이 점점 좁아 보여요.,"Coloco los muebles, pero la casa se ve cada vez más estrecha.",가구를 배치해요. 그런데 집이 점점 좁아 보여요.
L13_09,13,phrase,토순,필요 없는 물건은 보관할 수 있어요.,Puede guardar los objetos que no necesite.,필요 없는 물건은 보관할 수 있어요.
L13_10,13,phrase,사울,좋아요. 이제 바닥이 보여요.,Bien. Ahora se ve el suelo.,좋아요. 이제 바닥이 보여요.
L14_01,14,phrase,관리자,강을 건너려면 다리가 필요합니다.,Para cruzar el río necesitamos un puente.,강을 건너려면 다리가 필요합니다.
L14_02,14,phrase,사울,필요한 재료는 무엇이에요?,¿Cuáles son los materiales necesarios?,필요한 재료는 무엇이에요?
L14_03,14,phrase,지도리,"목재, 단단한 목재, 부드러운 목재, 돌, 점토와 철광석이에요.","Madera, madera dura, madera blanda, piedra, arcilla y mineral de hierro.","목재, 단단한 목재, 부드러운 목재, 돌, 점토와 철광석이에요."
L14_04,14,phrase,사부,다리는 마음의 균형으로 세우는 것이다.,Un puente se construye con equilibrio interior.,다리는 마음의 균형으로 세우는 것이다.
L14_05,14,phrase,지도리,아니요. 재료로 세워요.,No. Se construye con materiales.,아니요. 재료로 세워요.
L14_06,14,phrase,사울,바위를 쳐서 철광석을 모을게요.,Golpearé rocas para reunir mineral de hierro.,바위를 쳐서 철광석을 모을게요.
L14_07,14,phrase,토순,제가 꽃이 있는 곳을 표시할게요.,Marcaré dónde están las flores.,제가 꽃이 있는 곳을 표시할게요.
L14_08,14,phrase,파덕,저는 강에서 공사를 지켜볼게요.,Yo vigilaré la obra desde el río.,저는 강에서 공사를 지켜볼게요.
L14_09,14,phrase,사울,또 빠질 생각이죠?,"Piensa volver a caerse, ¿verdad?",또 빠질 생각이죠?
L14_10,14,phrase,관리자,드디어 다리가 완성됐습니다.,Por fin quedó terminado el puente.,드디어 다리가 완성됐습니다.
L15_01,15,phrase,지도리,새로운 DIY 레시피가 사라졌어요.,Desapareció una nueva receta DIY.,새로운 DIY 레시피가 사라졌어요.
L15_02,15,phrase,사울,레시피를 배웠어요. 그런데 지금은 목록에 없어요.,"Aprendí la receta, pero ahora no está en la lista.",레시피를 배웠어요. 그런데 지금은 목록에 없어요.
L15_03,15,phrase,토순,해변에서 이상한 조개를 봤어요.,Vi una concha extraña en la playa.,해변에서 이상한 조개를 봤어요.
L15_04,15,phrase,파덕,그 조개가 주문서를 먹었을 수도 있어요.,Puede que esa concha se haya comido el pedido.,그 조개가 주문서를 먹었을 수도 있어요.
L15_05,15,phrase,사울,조개는 종이를 먹지 않아요.,Las conchas no comen papel.,조개는 종이를 먹지 않아요.
L15_06,15,phrase,파덕,그래서 더 수상해요.,Por eso es más sospechoso.,그래서 더 수상해요.
L15_07,15,phrase,사울,여기에 글자가 쓰여 있어요.,Aquí hay letras escritas.,여기에 글자가 쓰여 있어요.
L15_08,15,phrase,지도리,“광장 아래를 확인하라”라고 되어 있어요.,Dice: “Comprueba debajo de la plaza”.,“광장 아래를 확인하라”라고 되어 있어요.
L15_09,15,phrase,토순,레시피가 아니라 지도였네요.,"No era una receta, sino un mapa.",레시피가 아니라 지도였네요.
L15_10,15,phrase,사울,사라진 레시피는 제 주머니 안에 있었어요.,La receta desaparecida estaba en mi bolsillo.,사라진 레시피는 제 주머니 안에 있었어요.
L16_01,16,phrase,사울,광장 아래에 문이 있어요.,Hay una puerta debajo de la plaza.,광장 아래에 문이 있어요.
L16_02,16,phrase,지도리,열쇠를 사용해 봐요.,Probemos a usar la llave.,열쇠를 사용해 봐요.
L16_03,16,phrase,토순,문을 열고 나서 바로 닫을 수 있어요?,¿Podemos cerrarla inmediatamente después de abrirla?,문을 열고 나서 바로 닫을 수 있어요?
L16_04,16,phrase,사부,위험하면 내가 먼저 들어가겠다.,"Si es peligroso, entraré primero.",위험하면 내가 먼저 들어가겠다.
L16_05,16,phrase,파덕,저는 밖에서 응원할게요.,Yo animaré desde afuera.,저는 밖에서 응원할게요.
L16_06,16,phrase,사울,문이 안 열려요.,La puerta no se abre.,문이 안 열려요.
L16_07,16,phrase,지도리,금속 조각을 반대로 넣어 보세요.,Pruebe a introducir la pieza de metal al revés.,금속 조각을 반대로 넣어 보세요.
L16_08,16,phrase,사울,열렸어요. 안에서 이상한 빛이 보여요.,Se abrió. Dentro se ve una luz extraña.,열렸어요. 안에서 이상한 빛이 보여요.
L16_09,16,phrase,토순,모두 준비됐어요?,¿Todos están listos?,모두 준비됐어요?
L16_10,16,phrase,사울,네. 저장할 수 있으면 더 좋겠지만요.,Sí. Aunque sería mejor si pudiéramos guardar.,네. 저장할 수 있으면 더 좋겠지만요.
L17_01,17,phrase,지도리,이 던전에서는 소지품을 자주 확인해야 해요.,En esta mazmorra hay que revisar con frecuencia las pertenencias.,이 던전에서는 소지품을 자주 확인해야 해요.
L17_02,17,phrase,사울,도구와 음식은 준비됐어요.,Las herramientas y la comida están listas.,도구와 음식은 준비됐어요.
L17_03,17,phrase,사부,앞에 있는 돌을 움직여라.,Mueve la piedra que está delante.,앞에 있는 돌을 움직여라.
L17_04,17,phrase,사울,밀어도 안 움직여요.,No se mueve aunque la empuje.,밀어도 안 움직여요.
L17_05,17,phrase,토순,옆에 버튼이 있어요.,Hay un botón al lado.,옆에 버튼이 있어요.
L17_06,17,phrase,파덕,제가 눌러 볼게요!,¡Yo intentaré pulsarlo!,제가 눌러 볼게요!
L17_07,17,phrase,지도리,그건 비상 취소 버튼이에요.,Ese es el botón de cancelación de emergencia.,그건 비상 취소 버튼이에요.
L17_08,17,phrase,파덕,그럼 왜 이렇게 반짝여요?,"Entonces, ¿por qué brilla tanto?",그럼 왜 이렇게 반짝여요?
L17_09,17,phrase,사울,목록에서 올바른 도구를 선택해주세요.,Seleccione la herramienta correcta de la lista.,목록에서 올바른 도구를 선택해주세요.
L17_10,17,phrase,지도리,계획대로예요. 거의요.,Todo va según el plan. Casi.,계획대로예요. 거의요.
L18_01,18,phrase,관장,이 기록에는 파란 영웅의 이야기가 쓰여 있어요.,En este registro está escrita la historia del héroe azul.,이 기록에는 파란 영웅의 이야기가 쓰여 있어요.
L18_02,18,phrase,사울,그 사람은 섬을 지켰어요?,¿Esa persona protegió la isla?,그 사람은 섬을 지켰어요?
L18_03,18,phrase,관장,네. 어둠을 문 뒤에 봉인했다고 합니다.,Sí. Se dice que selló la oscuridad detrás de una puerta.,네. 어둠을 문 뒤에 봉인했다고 합니다.
L18_04,18,phrase,토순,왜 어둠이 다시 나타났어요?,¿Por qué apareció de nuevo la oscuridad?,왜 어둠이 다시 나타났어요?
L18_05,18,phrase,관장,사람들의 미납 대출금이 힘을 줬다고 쓰여 있어요.,Está escrito que las deudas impagadas de la gente le dieron fuerza.,사람들의 미납 대출금이 힘을 줬다고 쓰여 있어요.
L18_06,18,phrase,사울,제 대출금도 포함돼요?,¿También incluye mi préstamo?,제 대출금도 포함돼요?
L18_07,18,phrase,관리자,개인 정보라서 말씀드릴 수 없습니다.,No puedo decírselo porque es información personal.,개인 정보라서 말씀드릴 수 없습니다.
L18_08,18,phrase,지도리,그건 “네”라는 뜻 같아요.,Eso parece significar que sí.,그건 “네”라는 뜻 같아요.
L18_09,18,phrase,사울,영웅은 어디에 있어요?,¿Dónde está el héroe?,영웅은 어디에 있어요?
L18_10,18,phrase,관장,기록의 마지막에는 “새로운 사람이 선택할 것이다”라고 쓰여 있어요.,Al final dice: “Una persona nueva elegirá”.,기록의 마지막에는 “새로운 사람이 선택할 것이다”라고 쓰여 있어요.
L19_01,19,phrase,어둠,이 섬의 모든 대출금은 이제 나의 힘이다.,Todas las deudas de esta isla son ahora mi poder.,이 섬의 모든 대출금은 이제 나의 힘이다.
L19_02,19,phrase,사울,저는 그런 계약에 동의하지 않았어요.,Yo no acepté ese contrato.,저는 그런 계약에 동의하지 않았어요.
L19_03,19,phrase,어둠,확인 버튼을 눌렀다.,Pulsaste el botón de confirmar.,확인 버튼을 눌렀다.
L19_04,19,phrase,사울,글자가 너무 작았어요.,La letra era demasiado pequeña.,글자가 너무 작았어요.
L19_05,19,phrase,지도리,"사울 씨, 필요한 도구를 선택해주세요!","¡Saúl, elija la herramienta necesaria!","사울 씨, 필요한 도구를 선택해주세요!"
L19_06,19,phrase,토순,꽃과 나무가 길을 만들 거예요.,Las flores y los árboles abrirán el camino.,꽃과 나무가 길을 만들 거예요.
L19_07,19,phrase,파덕,저는 물고기로 주의를 끌게요.,Yo lo distraeré con un pez.,저는 물고기로 주의를 끌게요.
L19_08,19,phrase,사부,나는 마음의 균형으로 문을 막겠다.,Yo bloquearé la puerta con equilibrio interior.,나는 마음의 균형으로 문을 막겠다.
L19_09,19,phrase,사울,이번에는 제가 선택할게요. 모두 함께 가요!,Esta vez yo elegiré. ¡Vamos todos juntos!,이번에는 제가 선택할게요. 모두 함께 가요!
L19_10,19,phrase,어둠,왜 아무도 대출금을 무서워하지 않는가!,¡¿Por qué nadie teme a las deudas?!,왜 아무도 대출금을 무서워하지 않는가!
L20_01,20,phrase,사울,문이 열리고 있어요. 빛이 지도 모양으로 변해요.,La puerta se está abriendo. La luz cambia a forma de mapa.,문이 열리고 있어요. 빛이 지도 모양으로 변해요.
L20_02,20,phrase,파란 영웅,처음에는 누구나 아무것도 모른다.,Al principio nadie sabe nada.,처음에는 누구나 아무것도 모른다.
L20_03,20,phrase,사울,당신이 파란 영웅이에요?,¿Usted es el héroe azul?,당신이 파란 영웅이에요?
L20_04,20,phrase,파란 영웅,나는 기록일 뿐이다. 이제 섬을 선택하는 사람은 너다.,Solo soy un registro. Ahora tú eres quien elige la isla.,나는 기록일 뿐이다. 이제 섬을 선택하는 사람은 너다.
L20_05,20,phrase,토순,광장과 집을 다시 꾸며요.,Decoremos de nuevo la plaza y las casas.,광장과 집을 다시 꾸며요.
L20_06,20,phrase,지도리,다리와 상점도 문제없습니다.,El puente y la tienda están bien.,다리와 상점도 문제없습니다.
L20_07,20,phrase,파덕,박물관의 물고기도 모두 안전해요.,Los peces del museo también están a salvo.,박물관의 물고기도 모두 안전해요.
L20_08,20,phrase,관장,곤충도요… 유감이지만요.,También los insectos… por desgracia.,곤충도요… 유감이지만요.
L20_09,20,phrase,사울,처음에는 말도 거의 못 했지만 지금은 물어보고 대답할 수 있어요.,"Al principio casi no podía hablar, pero ahora puedo preguntar y responder.",처음에는 말도 거의 못 했지만 지금은 물어보고 대답할 수 있어요.
L20_10,20,phrase,모두,La isla del comienzo에 오신 것을 환영합니다!,¡Bienvenido a La isla del comienzo!,La isla del comienzo에 오신 것을 환영합니다!
A001,1,word,Narrador,안녕하세요,Hola,안녕하세요
A002,1,word,Narrador,찾아주셔서 감사합니다,Gracias por venir / visitarnos,찾아주셔서 감사합니다
A003,1,word,Narrador,감사합니다,Gracias,감사합니다
A004,1,word,Narrador,무인도,Isla desierta / deshabitada,무인도
A005,1,word,Narrador,이주,Mudanza / traslado de residencia,이주
A006,1,word,Narrador,이주 패키지,Paquete de mudanza,이주 패키지
A007,1,word,Narrador,여기는 ~입니다,Este lugar es ~ / Aquí es ~,여기는 ~입니다
A008,1,word,Narrador,체크인 카운터,Mostrador de check-in,체크인 카운터
A009,1,word,Narrador,저희,Nosotros / nuestro (humilde),저희
A010,1,word,Narrador,가이드,Guía,가이드
A011,1,word,Narrador,담당하다,Encargarse de / estar a cargo de,담당하다
A012,1,word,Narrador,담당하고 있다,Estar encargado de,담당하고 있다
A013,1,word,Narrador,함께,Juntos / junto con,함께
A014,1,word,Narrador,섬,Isla,섬
A015,1,word,Narrador,편하게,Cómodamente,편하게
A016,1,word,Narrador,생활하다,Vivir / hacer vida cotidiana,생활하다
A017,2,word,Narrador,도움,Ayuda,도움
A018,2,word,Narrador,도움을 드리다,Brindar ayuda,도움을 드리다
A019,2,word,Narrador,예정이다,Estar previsto / tener planeado,예정이다
A020,2,word,Narrador,잘 부탁드립니다,Cuento con usted / espero que nos llevemos bien,잘 부탁드립니다
A021,2,word,Narrador,그럼,Entonces / en ese caso,그럼
A022,2,word,Narrador,바로,Directamente / de inmediato,바로
A023,2,word,Narrador,본론,Tema principal / asunto,본론
A024,2,word,Narrador,본론으로 들어가다,Ir al grano / entrar al tema principal,본론으로 들어가다
A025,2,word,Narrador,지금부터,A partir de ahora,지금부터
A026,2,word,Narrador,준비,Preparación / preparativos,준비
A027,2,word,Narrador,~기 위한,Para hacer ~ / destinado a ~,~기 위한
A028,2,word,Narrador,진행하다,Proceder / llevar a cabo,진행하다
A029,2,word,Narrador,우선,Primero / antes que nada,우선
A030,2,word,Narrador,신청,Solicitud / inscripción,신청
A031,2,word,Narrador,확인하다,Verificar / comprobar,확인하다
A032,2,word,Narrador,확인해야 해요,Tengo que verificarlo,확인해야 해요
A033,3,word,Narrador,처음,Primera vez / por primera vez,처음
A034,3,word,Narrador,이용하다,Utilizar / hacer uso de,이용하다
A035,3,word,Narrador,처음 이용하시는 건가요?,¿Es la primera vez que lo utiliza?,처음 이용하시는 건가요?
A036,3,word,Narrador,성함,Nombre (honorífico),성함
A037,3,word,Narrador,생일,Cumpleaños / fecha de nacimiento,생일
A038,3,word,Narrador,~을/를 위해서,Para / con el fin de ~,~을/를 위해서
A039,3,word,Narrador,알려주다,Decir / informar / hacer saber,알려주다
A040,3,word,Narrador,알려주시겠어요?,¿Podría decírmelo?,알려주시겠어요?
A041,3,word,Narrador,이름,Nombre,이름
A042,3,word,Narrador,한글,Hangul / escritura coreana,한글
A043,3,word,Narrador,영문,Alfabeto latino / letras inglesas,영문
A044,3,word,Narrador,기호,Símbolos,기호
A045,3,word,Narrador,공백,Espacio,공백
A046,3,word,Narrador,확정,Confirmar / aceptar,확정
A047,3,word,Narrador,개행,Salto de línea,개행
A048,3,word,Narrador,변경하다,Cambiar / modificar,변경하다
A049,4,word,Narrador,맞으신가요?,¿Es correcto? / ¿Es usted...?,맞으신가요?
A050,4,word,Narrador,다시,Otra vez,다시
A051,4,word,Narrador,생각하다,Pensar,생각하다
A052,4,word,Narrador,다시 생각할래,Quiero pensarlo otra vez,다시 생각할래
A053,4,word,Narrador,확인됐습니다,Quedó confirmado / verificado,확인됐습니다
A054,4,word,Narrador,사진을 찍다,Tomar una foto,사진을 찍다
A055,4,word,Narrador,찍을게요,La tomaré / voy a tomarla,찍을게요
A056,4,word,Narrador,걱정하지 마세요,No se preocupe,걱정하지 마세요
A057,4,word,Narrador,기회,Oportunidad,기회
A058,4,word,Narrador,원하다,Querer / desear,원하다
A059,4,word,Narrador,모습,Apariencia / aspecto,모습
A060,4,word,Narrador,변신하다,Transformarse / cambiar de apariencia,변신하다
A061,4,word,Narrador,마음껏,Todo lo que quieras / libremente,마음껏
A062,4,word,Narrador,꾸미다,Decorar / arreglar / personalizar,꾸미다
A063,4,word,Narrador,피부,Piel,피부
A064,4,word,Narrador,색,Color,색
A065,5,word,Narrador,피부색,Color / tono de piel,피부색
A066,5,word,Narrador,볼,Mejilla / cachete,볼
A067,5,word,Narrador,이제,Ahora / a partir de ahora,이제
A068,5,word,Narrador,상담,Consulta / asesoramiento,상담
A069,5,word,Narrador,~을/를 통해,A través de / mediante ~,~을/를 통해
A070,5,word,Narrador,정하다,Decidir / determinar,정하다
A071,5,word,Narrador,~려고 하다,Tener intención de hacer ~,~려고 하다
A072,5,word,Narrador,~게 되다,Llegar a / terminar haciendo ~,~게 되다
A073,5,word,Narrador,사계절,Las cuatro estaciones,사계절
A074,5,word,Narrador,뚜렷하다,Ser claro / marcado / definido,뚜렷하다
A075,5,word,Narrador,환경,Entorno / ambiente,환경
A076,5,word,Narrador,계절,Estación del año,계절
A077,5,word,Narrador,변화,Cambio,변화
A078,5,word,Narrador,만끽하다,Disfrutar plenamente,만끽하다
A079,5,word,Narrador,특징,Característica,특징
A080,5,word,Narrador,따라서,Por lo tanto / por eso,따라서
A081,6,word,Narrador,흐름,Flujo / transcurso,흐름
A082,6,word,Narrador,정반대,Completamente opuesto,정반대
A083,6,word,Narrador,북반구,Hemisferio norte,북반구
A084,6,word,Narrador,남반구,Hemisferio sur,남반구
A085,6,word,Narrador,지역,Región / zona,지역
A086,6,word,Narrador,새로운 생활,Nueva vida,새로운 생활
A087,6,word,Narrador,순조롭게,Sin problemas / de manera fluida,순조롭게
A088,6,word,Narrador,적응하다,Adaptarse,적응하다
A089,6,word,Narrador,비슷하다,Ser parecido / similar,비슷하다
A090,6,word,Narrador,기후,Clima,기후
A091,6,word,Narrador,추천하다,Recomendar,추천하다
A092,6,word,Narrador,참고로,Como referencia / por cierto,참고로
A093,6,word,Narrador,지금,Ahora,지금
A094,6,word,Narrador,사는 곳,Lugar donde vive,사는 곳
A095,6,word,Narrador,어디인가요?,¿Dónde es? / ¿Dónde está?,어디인가요?
A096,6,word,Narrador,한국,Corea,한국
A097,7,word,Narrador,해외,Extranjero / fuera del país,해외
A098,7,word,Narrador,대략적으로만,Solo aproximadamente / a grandes rasgos,대략적으로만
A099,7,word,Narrador,어느 쪽,Cuál lado / cuál de los dos,어느 쪽
A100,7,word,Narrador,여쭤봐도 될까요?,¿Puedo preguntarle?,여쭤봐도 될까요?
A101,7,word,Narrador,아시아,Asia,아시아
A102,7,word,Narrador,북미,Norteamérica,북미
A103,7,word,Narrador,유럽,Europa,유럽
A104,7,word,Narrador,다른 곳,Otro lugar,다른 곳
A105,7,word,Narrador,~는 줄 알았어요,Pensé que ~,~는 줄 알았어요
A106,7,word,Narrador,한국에 사시는 줄 알았어요,Pensé que vivía en Corea,한국에 사시는 줄 알았어요
A107,7,word,Narrador,어쨌든,De todos modos / en fin,어쨌든
A108,7,word,Narrador,그러시다면,Si es así / si ese es el caso,그러시다면
A109,7,word,Narrador,어떠신가요?,¿Qué le parece?,어떠신가요?
A110,7,word,Narrador,잘 모르겠어,No lo sé bien / no estoy seguro,잘 모르겠어
A111,7,word,Narrador,알겠습니다,Entendido / de acuerdo,알겠습니다
A112,7,word,Narrador,~중에서,De entre ~,~중에서
A113,8,word,Narrador,실제로,Realmente / en la práctica,실제로
A114,8,word,Narrador,선택하다,Elegir / seleccionar,선택하다
A115,8,word,Narrador,선택해볼까요?,¿Elegimos? / ¿Probamos a elegir?,선택해볼까요?
A116,8,word,Narrador,몇 군데,Varios lugares / unos cuantos sitios,몇 군데
A117,8,word,Narrador,지도,Mapa,지도
A118,8,word,Narrador,이주하고 싶은 곳,El lugar al que quiero mudarme,이주하고 싶은 곳
A119,8,word,Narrador,선택해주세요,"Por favor, elija",선택해주세요
A120,8,word,Narrador,아무것도 없습니다,No hay nada,아무것도 없습니다
A121,8,word,Narrador,거주,Residencia / vivir,거주
A122,8,word,Narrador,편리성,Comodidad / conveniencia,편리성
A123,8,word,Narrador,차이,Diferencia,차이
A124,8,word,Narrador,지형,Terreno / topografía,지형
A125,8,word,Narrador,느낌,Sensación / impresión,느낌
A126,8,word,Narrador,문제없습니다,No hay problema,문제없습니다
A127,8,word,Narrador,마음에 들다,Gustar / agradar,마음에 들다
A128,8,word,Narrador,이거 마음에 들어요,Me gusta esto,이거 마음에 들어요
A129,9,word,Narrador,골라주세요,"Por favor, elija",골라주세요
A130,9,word,Narrador,드디어,Por fin / finalmente,드디어
A131,9,word,Narrador,무대,Escenario / ámbito,무대
A132,9,word,Narrador,정해졌네요,Ya quedó decidido,정해졌네요
A133,9,word,Narrador,마지막으로,Por último / finalmente,마지막으로
A134,9,word,Narrador,하나만 더,Solo uno más,하나만 더
A135,9,word,Narrador,만약,Si / suponiendo que,만약
A136,9,word,Narrador,물건,Objeto / cosa,물건
A137,9,word,Narrador,가져가다,Llevarse / llevar consigo,가져가다
A138,9,word,Narrador,가져갈 수 있다면,Si pudiera llevar,가져갈 수 있다면
A139,9,word,Narrador,무엇을 고르시겠어요?,¿Qué elegiría?,무엇을 고르시겠어요?
A140,9,word,Narrador,침낭,Saco de dormir,침낭
A141,9,word,Narrador,전등,Lámpara / luz / linterna,전등
A142,9,word,Narrador,음식,Comida,음식
A143,9,word,Narrador,오락거리,Entretenimiento / algo para entretenerse,오락거리
A144,9,word,Narrador,죄송해요,Lo siento / disculpe,죄송해요
A145,10,word,Narrador,생각나다,Venir a la mente / recordar,생각나다
A146,10,word,Narrador,그냥,Simplemente / solo,그냥
A147,10,word,Narrador,전세기,Avión / vuelo chárter,전세기
A148,10,word,Narrador,탑승,Embarque / subir a un vehículo,탑승
A149,10,word,Narrador,수속,Trámites / procedimiento,수속
A150,10,word,Narrador,탑승 수속,Proceso de embarque / check-in,탑승 수속
A151,10,word,Narrador,시작하다,Comenzar,시작하다
A152,10,word,Narrador,승객,Pasajero,승객
A153,10,word,Narrador,여러분,Todos ustedes,여러분
A154,10,word,Narrador,탑승구,Puerta de embarque,탑승구
A155,10,word,Narrador,~주시기 바랍니다,Por favor / se ruega que ~,~주시기 바랍니다
A156,10,word,Narrador,마침,Justo / precisamente,마침
A157,10,word,Narrador,비행기,Avión,비행기
A158,10,word,Narrador,이륙,Despegue,이륙
A159,10,word,Narrador,착륙,Aterrizaje,착륙
A160,10,word,Narrador,끝나다,Terminar / acabarse,끝나다
A161,11,word,Narrador,~나 봐요,Parece que ~,~나 봐요
A162,11,word,Narrador,출발하다,Partir / salir,출발하다
A163,11,word,Narrador,출발할까요?,¿Partimos? / ¿Nos vamos?,출발할까요?
A164,11,word,Narrador,진심으로 감사합니다,Muchas gracias de corazón / sinceramente,진심으로 감사합니다
A165,11,word,Narrador,비행 중,Durante el vuelo,비행 중
A166,11,word,Narrador,~에 대한,Sobre / acerca de ~,~에 대한
A167,11,word,Narrador,영상,Video / imagen audiovisual,영상
A168,11,word,Narrador,편안하다,Estar cómodo / relajado,편안하다
A169,11,word,Narrador,시간을 보내다,Pasar el tiempo,시간을 보내다
A170,11,word,Narrador,고생 많으셨습니다,Ha hecho un gran esfuerzo / buen trabajo,고생 많으셨습니다
A171,11,word,Narrador,고생했어요,Buen trabajo / te esforzaste mucho,고생했어요
A172,11,word,Narrador,쉬다,Descansar,쉬다
A173,11,word,Narrador,마음은 굴뚝같다,Tener muchísimas ganas de hacer algo,마음은 굴뚝같다
A174,11,word,Narrador,~에 대해서,Sobre / acerca de ~,~에 대해서
A175,11,word,Narrador,근처,Cerca / alrededores,근처
A176,11,word,Narrador,이 근처,Por aquí / cerca de aquí,이 근처
A177,12,word,Narrador,광장,Plaza,광장
A178,12,word,Narrador,사장님,Jefe / dueño / presidente de empresa,사장님
A179,12,word,Narrador,기다리다,Esperar,기다리다
A180,12,word,Narrador,기다리고 있어요,Estoy esperando,기다리고 있어요
A181,12,word,Narrador,지금 바로,Ahora mismo / inmediatamente,지금 바로
A182,12,word,Narrador,거기까지,Hasta allí,거기까지
A183,12,word,Narrador,이동하다,Desplazarse / moverse,이동하다
A184,12,word,Narrador,안내하다,Guiar / orientar,안내하다
A185,12,word,Narrador,따라오세요,Sígame / venga conmigo,따라오세요
A186,12,word,Narrador,저장하다,Guardar / salvar,저장하다
A187,12,word,Narrador,저장할 수 없어요,No se puede guardar,저장할 수 없어요
A188,12,word,Narrador,아직은 저장할 수 없나 봐,Parece que todavía no se puede guardar,아직은 저장할 수 없나 봐
A189,12,word,Narrador,줍다,Recoger,줍다
A190,12,word,Narrador,놓다,Poner / dejar,놓다
A191,12,word,Narrador,버리다,Tirar / desechar,버리다
A192,12,word,Narrador,흔들다,Sacudir,흔들다
A193,13,word,Narrador,심다,Plantar,심다
A194,13,word,Narrador,캐다,Extraer / cavar / recolectar del suelo,캐다
A195,13,word,Narrador,파다,Cavar,파다
A196,13,word,Narrador,잡다,Atrapar / agarrar,잡다
A197,13,word,Narrador,낚다,Pescar,낚다
A198,13,word,Narrador,만들다,Hacer / fabricar,만들다
A199,13,word,Narrador,사용하다,Usar,사용하다
A200,13,word,Narrador,구입하다,Comprar,구입하다
A201,13,word,Narrador,판매하다,Vender,판매하다
A202,13,word,Narrador,교환하다,Intercambiar / canjear,교환하다
A203,13,word,Narrador,기부하다,Donar,기부하다
A204,13,word,Narrador,모으다,Reunir / juntar,모으다
A205,13,word,Narrador,배치하다,Colocar / disponer,배치하다
A206,13,word,Narrador,초대하다,Invitar,초대하다
A207,13,word,Narrador,나무,Árbol,나무
A208,13,word,Narrador,꽃,Flor,꽃
A209,14,word,Narrador,과일,Fruta,과일
A210,14,word,Narrador,복숭아,Durazno / melocotón,복숭아
A211,14,word,Narrador,나뭇가지,Rama de árbol,나뭇가지
A212,14,word,Narrador,돌,Piedra,돌
A213,14,word,Narrador,바위,Roca,바위
A214,14,word,Narrador,잡초,Maleza / hierba mala,잡초
A215,14,word,Narrador,목재,Madera,목재
A216,14,word,Narrador,단단한 목재,Madera dura,단단한 목재
A217,14,word,Narrador,부드러운 목재,Madera blanda,부드러운 목재
A218,14,word,Narrador,철광석,Mineral de hierro,철광석
A219,14,word,Narrador,점토,Arcilla,점토
A220,14,word,Narrador,물고기,Pez,물고기
A221,14,word,Narrador,곤충,Insecto,곤충
A222,14,word,Narrador,조개,Concha / molusco,조개
A223,14,word,Narrador,화석,Fósil,화석
A224,14,word,Narrador,도구,Herramienta,도구
A225,15,word,Narrador,도끼,Hacha,도끼
A226,15,word,Narrador,삽,Pala,삽
A227,15,word,Narrador,낚싯대,Caña de pescar,낚싯대
A228,15,word,Narrador,잠자리채,Red para insectos,잠자리채
A229,15,word,Narrador,물뿌리개,Regadera,물뿌리개
A230,15,word,Narrador,새총,Tirachinas,새총
A231,15,word,Narrador,사다리,Escalera,사다리
A232,15,word,Narrador,장대,Pértiga,장대
A233,15,word,Narrador,안내소,Centro de servicios / oficina de información,안내소
A234,15,word,Narrador,너굴 마일,Millas Nook,너굴 마일
A235,15,word,Narrador,마일리지,Millas / puntos acumulados,마일리지
A236,15,word,Narrador,레시피,Receta,레시피
A237,15,word,Narrador,DIY 레시피,Receta de bricolaje / fabricación,DIY 레시피
A238,15,word,Narrador,가구,Mueble,가구
A239,15,word,Narrador,상점,Tienda,상점
A240,15,word,Narrador,너굴 상점,Tienda Nook,너굴 상점
A241,16,word,Narrador,박물관,Museo,박물관
A242,16,word,Narrador,집,Casa,집
A243,16,word,Narrador,텐트,Tienda de campaña,텐트
A244,16,word,Narrador,대출금,Deuda / préstamo pendiente,대출금
A245,16,word,Narrador,주머니,Bolsillo,주머니
A246,16,word,Narrador,소지품,Pertenencias / inventario,소지품
A247,16,word,Narrador,재료,Material / materiales,재료
A248,16,word,Narrador,필요하다,Ser necesario / necesitar,필요하다
A249,16,word,Narrador,가져오다,Traer,가져오다
A250,16,word,Narrador,주다,Dar,주다
A251,16,word,Narrador,받다,Recibir,받다
A252,16,word,Narrador,열다,Abrir,열다
A253,16,word,Narrador,닫다,Cerrar,닫다
A254,16,word,Narrador,삭제하다,Eliminar / borrar,삭제하다
A255,16,word,Narrador,보관하다,Guardar / almacenar,보관하다
A256,16,word,Narrador,주문하다,Pedir / hacer un pedido,주문하다
A257,17,word,Narrador,목록,Lista,목록
A258,17,word,Narrador,결정하다,Decidir,결정하다
A259,17,word,Narrador,취소하다,Cancelar,취소하다
A260,17,word,Narrador,수리하다,Reparar,수리하다
A261,17,word,Narrador,설치하다,Instalar / colocar,설치하다
A262,17,word,Narrador,옮기다,Mover / trasladar,옮기다
A263,17,word,Narrador,말하다,Hablar / decir,말하다
A264,17,word,Narrador,대화하다,Conversar,대화하다
A265,17,word,Narrador,친구,Amigo,친구
A266,17,word,Narrador,주민,Residente / vecino,주민
A267,17,word,Narrador,이웃,Vecino,이웃
A268,17,word,Narrador,섬 생활,Vida en la isla,섬 생활
A269,17,word,Narrador,캠프파이어,Fogata,캠프파이어
A270,17,word,Narrador,해변,Playa,해변
A271,17,word,Narrador,강,Río,강
A272,17,word,Narrador,연못,Estanque,연못
A273,18,word,Narrador,절벽,Acantilado,절벽
A274,18,word,Narrador,다리,Puente,다리
A275,18,word,Narrador,공항,Aeropuerto,공항
A276,18,word,Narrador,비행장,Aeródromo / aeropuerto,비행장
A277,18,word,Narrador,벨,Bayas / Bells (moneda),벨
A278,18,word,Narrador,마일,Millas,마일
A279,18,word,Narrador,가격,Precio,가격
A280,18,word,Narrador,돈,Dinero,돈
A281,18,word,Narrador,나무를 흔들어요,Sacudo el árbol,나무를 흔들어요
A282,18,word,Narrador,물고기를 잡았어요,Atrapé un pez,물고기를 잡았어요
A283,18,word,Narrador,재료를 모아야 해요,Tengo que reunir materiales,재료를 모아야 해요
A284,18,word,Narrador,도구를 만들어요,Fabrico una herramienta,도구를 만들어요
A285,18,word,Narrador,낚싯대로 물고기를 잡아요,Pesco peces con una caña,낚싯대로 물고기를 잡아요
A286,18,word,Narrador,필요한 재료를 모아주세요,"Por favor, reúne los materiales necesarios",필요한 재료를 모아주세요
A287,18,word,Narrador,이걸 사용해보세요,Prueba a usar esto,이걸 사용해보세요
A288,18,word,Narrador,어디에 놓을까요?,¿Dónde lo ponemos?,어디에 놓을까요?
A289,19,word,Narrador,마음에 드는 곳을 골라주세요,Elige un lugar que te guste,마음에 드는 곳을 골라주세요
A290,19,word,Narrador,무엇을 도와드릴까요?,¿En qué puedo ayudarle?,무엇을 도와드릴까요?
A291,19,word,Narrador,이걸 어디에 둘까요?,¿Dónde ponemos esto?,이걸 어디에 둘까요?
A292,19,word,Narrador,여기에 놓아주세요,"Por favor, colóquelo aquí",여기에 놓아주세요
A293,19,word,Narrador,이 물건을 판매할게요,Voy a vender este objeto,이 물건을 판매할게요
A294,19,word,Narrador,얼마예요?,¿Cuánto cuesta?,얼마예요?
A295,19,word,Narrador,구입하시겠어요?,¿Desea comprarlo?,구입하시겠어요?
A296,19,word,Narrador,판매하시겠어요?,¿Desea venderlo?,판매하시겠어요?
A297,19,word,Narrador,이건 얼마인가요?,¿Cuánto cuesta esto?,이건 얼마인가요?
A298,19,word,Narrador,레시피를 배웠어요,Aprendí una receta,레시피를 배웠어요
A299,19,word,Narrador,새로운 레시피를 얻었어요,Conseguí una receta nueva,새로운 레시피를 얻었어요
A300,19,word,Narrador,재료가 부족해요,Faltan materiales,재료가 부족해요
A301,19,word,Narrador,주머니가 가득 찼어요,Los bolsillos están llenos,주머니가 가득 찼어요
A302,19,word,Narrador,소지품을 확인해보세요,Revisa tus pertenencias,소지품을 확인해보세요
A303,19,word,Narrador,박물관에 기부할게요,Lo donaré al museo,박물관에 기부할게요
A304,19,word,Narrador,화석을 발견했어요,Encontré un fósil,화석을 발견했어요
A305,20,word,Narrador,곤충을 잡았어요,Atrapé un insecto,곤충을 잡았어요
A306,20,word,Narrador,꽃을 심어요,Planto flores,꽃을 심어요
A307,20,word,Narrador,나무를 심어요,Planto un árbol,나무를 심어요
A308,20,word,Narrador,잡초를 뽑아요,Arranco la maleza,잡초를 뽑아요
A309,20,word,Narrador,바위를 쳐요,Golpeo la roca,바위를 쳐요
A310,20,word,Narrador,철광석이 필요해요,Necesito mineral de hierro,철광석이 필요해요
A311,20,word,Narrador,집을 꾸미고 싶어요,Quiero decorar la casa,집을 꾸미고 싶어요
A312,20,word,Narrador,가구를 배치해요,Coloco los muebles,가구를 배치해요
A313,20,word,Narrador,친구를 초대할 수 있어요,Puedes invitar a un amigo,친구를 초대할 수 있어요
A314,20,word,Narrador,주민과 대화해요,Hablo con un residente,주민과 대화해요
A315,20,word,Narrador,공항으로 가요,Voy al aeropuerto,공항으로 가요
A316,20,word,Narrador,다시 확인해주세요,"Por favor, revíselo otra vez",다시 확인해주세요
A317,20,word,Narrador,취소하시겠어요?,¿Desea cancelar?,취소하시겠어요?
A318,20,word,Narrador,저장하시겠어요?,¿Desea guardar?,저장하시겠어요?
A319,20,word,Narrador,목록에서 선택해주세요,Seleccione de la lista,목록에서 선택해주세요
A320,20,word,Narrador,주문을 확인해주세요,"Por favor, confirme el pedido",주문을 확인해주세요
