id,type,speaker_or_blank,text,translation_or_blank
HFUP011,phrase,Saúl,"Bonjour, je m’appelle Saúl Cervantes.","Hola, me llamo Saúl Cervantes."
HFUP012,phrase,Saúl,"J’ai vingt-quatre ans et je viens du Mexique, plus précisément de l’État de Nuevo León.","Tengo veinticuatro años y vengo de México, más precisamente del estado de Nuevo León."
HFUP013,phrase,Saúl,Je suis actuellement étudiant en licence de langues étrangères à l’Universidad del Valle de México.,Actualmente soy estudiante de la licenciatura en lenguas extranjeras en la Universidad del Valle de México.
HFUP014,phrase,Saúl,"Dans le cadre de mes études, j’apprends principalement le français et l’anglais.","En el marco de mis estudios, aprendo principalmente francés e inglés."
HFUPV001,word,,actuellement,actualmente
HFUPV002,word,,une licence,una licenciatura
HFUPV003,word,,les langues étrangères,las lenguas extranjeras
HFUPV004,word,,dans le cadre de,en el marco de
HFUPV005,word,,principalement,principalmente
HFUPV006,word,,plus précisément,más precisamente
HFUP021,phrase,Saúl,"Pendant mon temps libre, j’aime apprendre des langues, écouter de la musique, jouer du piano et découvrir des contenus provenant de différents pays.","Durante mi tiempo libre, me gusta aprender idiomas, escuchar música, tocar el piano y descubrir contenidos provenientes de diferentes países."
HFUP022,phrase,Saúl,"J’aime également lire, jouer à des jeux vidéo et regarder des émissions étrangères, car ces activités me permettent de pratiquer les langues d’une manière plus naturelle.","También me gusta leer, jugar videojuegos y ver programas extranjeros, porque estas actividades me permiten practicar los idiomas de una manera más natural."
HFUPV007,word,,pendant mon temps libre,durante mi tiempo libre
HFUPV008,word,,également,también
HFUPV009,word,,une émission étrangère,un programa extranjero
HFUPV010,word,,permettre de,permitir
HFUPV011,word,,d’une manière naturelle,de una manera natural
HFUPV012,word,,provenir de,provenir de
HFUP031,phrase,Saúl,"Du lundi au vendredi, je consacre une grande partie de ma journée à mes études.","De lunes a viernes, dedico una gran parte de mi día a mis estudios."
HFUP032,phrase,Saúl,"J’essaie d’étudier régulièrement, mais je donne actuellement la priorité au français.","Intento estudiar regularmente, pero actualmente doy prioridad al francés."
HFUP033,phrase,Saúl,"Le week-end, je travaille comme serveur dans un restaurant.","El fin de semana, trabajo como mesero en un restaurante."
HFUP034,phrase,Saúl,Cette expérience professionnelle m’a appris à communiquer avec des personnes très différentes.,Esta experiencia profesional me ha enseñado a comunicarme con personas muy diferentes.
HFUPV013,word,,consacrer du temps à,dedicar tiempo a
HFUPV014,word,,essayer de,intentar
HFUPV015,word,,régulièrement,regularmente
HFUPV016,word,,donner la priorité à,dar prioridad a
HFUPV017,word,,un serveur,un mesero
HFUPV018,word,,une expérience professionnelle,una experiencia profesional
HFUP041,phrase,Saúl,J’ai choisi d’étudier les langues étrangères parce que je trouve fascinant de pouvoir communiquer avec des personnes venant d’autres cultures.,Elegí estudiar lenguas extranjeras porque me parece fascinante poder comunicarme con personas provenientes de otras culturas.
HFUP042,phrase,Saúl,"Pour moi, apprendre une langue ne consiste pas seulement à mémoriser du vocabulaire ou des règles grammaticales.","Para mí, aprender un idioma no consiste solamente en memorizar vocabulario o reglas gramaticales."
HFUP043,phrase,Saúl,"C’est aussi une manière de comprendre une autre façon de penser, de vivre et de voir le monde.","También es una manera de comprender otra forma de pensar, de vivir y de ver el mundo."
HFUPV019,word,,choisir de,elegir
HFUPV020,word,,trouver fascinant,encontrar fascinante
HFUPV021,word,,ne pas seulement,no solamente
HFUPV022,word,,consister à,consistir en
HFUPV023,word,,une règle grammaticale,una regla gramatical
HFUPV024,word,,une façon de voir le monde,una forma de ver el mundo
HFUP051,phrase,Saúl,"Je souhaite enseigner le français parce que j’aimerais aider les élèves à découvrir cette langue d’une manière claire, pratique et intéressante.","Deseo enseñar francés porque me gustaría ayudar a los alumnos a descubrir esta lengua de una manera clara, práctica e interesante."
HFUP052,phrase,Saúl,"Je sais que l’apprentissage d’une langue peut parfois être difficile, car je suis moi-même étudiant en langues.","Sé que el aprendizaje de un idioma a veces puede ser difícil, porque yo mismo soy estudiante de idiomas."
HFUP053,phrase,Saúl,"Grâce à cette expérience, je peux comprendre les difficultés, les doutes et les frustrations que les élèves peuvent ressentir.","Gracias a esta experiencia, puedo comprender las dificultades, las dudas y las frustraciones que los alumnos pueden sentir."
HFUP054,phrase,Saúl,"En tant que professeur, j’aimerais créer un environnement dans lequel les élèves se sentent à l’aise pour parler, poser des questions et faire des erreurs.","Como profesor, me gustaría crear un entorno en el cual los alumnos se sientan cómodos para hablar, hacer preguntas y cometer errores."
HFUP055,phrase,Saúl,"Je voudrais leur montrer qu’il est possible d’apprendre le français progressivement, grâce à la pratique, à la régularité et à des activités liées à leurs propres centres d’intérêt.","Quisiera mostrarles que es posible aprender francés progresivamente, gracias a la práctica, la regularidad y actividades relacionadas con sus propios intereses."
HFUPV025,word,,souhaiter,desear
HFUPV026,word,,aider quelqu’un à,ayudar a alguien a
HFUPV027,word,,grâce à,gracias a
HFUPV028,word,,en tant que,como / en calidad de
HFUPV029,word,,se sentir à l’aise,sentirse cómodo
HFUPV030,word,,un centre d’intérêt,un interés
HFUP061,phrase,Saúl,"À l’avenir, j’aimerais améliorer considérablement mon niveau de français, acquérir de l’expérience dans l’enseignement et travailler avec des étudiants de différents pays.","En el futuro, me gustaría mejorar considerablemente mi nivel de francés, adquirir experiencia en la enseñanza y trabajar con estudiantes de diferentes países."
HFUP062,phrase,Saúl,"Mon objectif est de devenir un professeur patient, créatif et capable de motiver ses élèves.","Mi objetivo es convertirme en un profesor paciente, creativo y capaz de motivar a sus alumnos."
HFUP063,phrase,Saúl,Je vous remercie de votre attention.,Les agradezco su atención.
HFUPV031,word,,à l’avenir,en el futuro
HFUPV032,word,,améliorer considérablement,mejorar considerablemente
HFUPV033,word,,acquérir de l’expérience,adquirir experiencia
HFUPV034,word,,l’enseignement,la enseñanza
HFUPV035,word,,être capable de,ser capaz de
HFUPV036,word,,Je vous remercie de votre attention,Les agradezco su atención
