language,region,reviewer,activity_id,lesson_id,audio_key,text,meaning,source_type,category,pronunciation_score,naturalness_score,regional_fit,sync,issue_severity,verdict,comment
"English","","","english-reading-00-01-a-teach","english-reading-00-01","ay","A","","recording","teaching","","","","","","",""
"English","","","english-reading-00-02-a-teach","english-reading-00-02","eff","F","","recording","teaching","","","","","","",""
"English","","","english-reading-00-03-a-teach","english-reading-00-03","kay","K","","recording","teaching","","","","","","",""
"English","","","english-reading-00-04-a-teach","english-reading-00-04","pee","P","","recording","teaching","","","","","","",""
"English","","","english-reading-00-05-b-teach","english-reading-00-05","vee","V","","recording","teaching","","","","","","",""
"English","","","english-reading-00-07-b-teach","english-reading-00-07","","C: car / city","","recording","teaching","","","","","","",""
"English","","","english-reading-00-10-a-teach","english-reading-00-10","","TH","","recording","teaching","","","","","","",""
"English","","","english-reading-00-12-b-teach","english-reading-00-12","","bag ≠ B-A-G","","recording","teaching","","","","","","",""
"English","","","english-reading-00-01-a-question","english-reading-00-01","ay","A","","recording","listening","","","","","","",""
"English","","","english-reading-00-02-a-question","english-reading-00-02","eff","F","","recording","listening","","","","","","",""
"English","","","english-reading-00-03-a-question","english-reading-00-03","kay","K","","recording","listening","","","","","","",""
"English","","","english-reading-00-04-a-question","english-reading-00-04","pee","P","","recording","listening","","","","","","",""
"English","","","english-reading-00-05-a-question","english-reading-00-05","you","U","","recording","listening","","","","","","",""
"English","","","english-reading-00-06-a-question","english-reading-00-06","zee","Z","","recording","listening","","","","","","",""
"English","","","english-reading-00-05-c-teach","english-reading-00-05","double you","W","","recording","phrase","","","","","","",""
"English","","","english-reading-foundations-production-translate","english-reading-foundations-production-checkpoint","","TH","","recording","production","","","","","","",""
"English","","","english-reading-foundations-production-complete","english-reading-foundations-production-checkpoint","chair","Escucha y escribe la otra palabra practicada en los ejemplos de SH y CH","","recording","production","","","","","","",""
"English","","","english-reading-00-01-b-teach","english-reading-00-01","bee","B","","recording","teaching","","","","","","",""
"English","","","english-reading-00-02-d-teach","english-reading-00-02","eye","I","","recording","teaching","","","","","","",""
"English","","","english-reading-00-03-c-question","english-reading-00-03","em","M","","recording","listening","","","","","","",""
"English","","","english-reading-00-04-e-question","english-reading-00-04","tee","T","","recording","listening","","","","","","",""
"English","","","english-reading-00-07-a-question","english-reading-00-07","","A · /æ/","","recording","supplement","","","","","","",""
"English","","","english-reading-00-10-b-teach","english-reading-00-10","","SH · CH","","recording","teaching","","","","","","",""
"English","","","english-reading-foundations-production-blocks","english-reading-foundations-production-checkpoint","","TH","","recording","production","","","","","","",""
"French","","","french-reading-00-01-a-teach","french-reading-00-01","a","A","","recording","teaching","","","","","","",""
"French","","","french-reading-00-02-b-teach","french-reading-00-02","gé","G","","recording","teaching","","","","","","",""
"French","","","french-reading-00-03-c-teach","french-reading-00-03","emme","M","","recording","teaching","","","","","","",""
"French","","","french-reading-00-04-d-teach","french-reading-00-04","esse","S","","recording","teaching","","","","","","",""
"French","","","french-reading-00-07-b-teach","french-reading-00-07","mi","i → mi","","recording","teaching","","","","","","",""
"French","","","french-reading-00-10-a-teach","french-reading-00-10","ma","m + a → ma","","recording","teaching","","","","","","",""
"French","","","french-reading-00-11-d-teach","french-reading-00-11","ge","g + e → ge","","recording","teaching","","","","","","",""
"French","","","french-reading-00-13-c-teach","french-reading-00-13","un","un","","recording","teaching","","","","","","",""
"French","","","french-reading-00-01-a-question","french-reading-00-01","a","A","","recording","listening","","","","","","",""
"French","","","french-reading-00-02-b-question","french-reading-00-02","gé","G","","recording","listening","","","","","","",""
"French","","","french-reading-00-03-b-question","french-reading-00-03","elle","L","","recording","listening","","","","","","",""
"French","","","french-reading-00-04-c-question","french-reading-00-04","erre","R","","recording","listening","","","","","","",""
"French","","","french-reading-00-05-c-question","french-reading-00-05","double vé","W","","recording","listening","","","","","","",""
"French","","","french-reading-00-13-c-question","french-reading-00-13","un","un","","recording","listening","","","","","","",""
"French","","","french-reading-00-05-c-teach","french-reading-00-05","double vé","W","","recording","phrase","","","","","","",""
"French","","","french-reading-00-05-e-teach","french-reading-00-05","i grec","Y","","recording","phrase","","","","","","",""
"French","","","french-reading-foundations-production-dictation","french-reading-foundations-production-checkpoint","phi","Escucha y escribe la sílaba practicada con PH","","recording","production","","","","","","",""
"French","","","french-reading-foundations-production-complete","french-reading-foundations-production-checkpoint","phi","Escucha y escribe la sílaba practicada con PH","","recording","production","","","","","","",""
"French","","","french-reading-00-01-b-teach","french-reading-00-01","bé","B","","recording","teaching","","","","","","",""
"French","","","french-reading-00-02-a-question","french-reading-00-02","effe","F","","recording","listening","","","","","","",""
"French","","","french-reading-00-03-e-question","french-reading-00-03","o","O","","recording","listening","","","","","","",""
"French","","","french-reading-00-05-a-question","french-reading-00-05","u","U","","recording","listening","","","","","","",""
"French","","","french-reading-00-09-b-teach","french-reading-00-09","mou","ou → mou","","recording","teaching","","","","","","",""
"French","","","french-reading-00-13-b-question","french-reading-00-13","on","on","","recording","listening","","","","","","",""
"German","","","german-reading-00-01-a-teach","german-reading-00-01","ah","A","","recording","teaching","","","","","","",""
"German","","","german-reading-00-02-b-teach","german-reading-00-02","geh","G","","recording","teaching","","","","","","",""
"German","","","german-reading-00-03-b-teach","german-reading-00-03","ell","L","","recording","teaching","","","","","","",""
"German","","","german-reading-00-04-c-teach","german-reading-00-04","err","R","","recording","teaching","","","","","","",""
"German","","","german-reading-00-05-c-teach","german-reading-00-05","veh","W","","recording","teaching","","","","","","",""
"German","","","german-reading-00-06-e-teach","german-reading-00-06","","ß","","recording","teaching","","","","","","",""
"German","","","german-reading-00-09-a-teach","german-reading-00-09","","ei · ie","","recording","teaching","","","","","","",""
"German","","","german-reading-00-12-b-teach","german-reading-00-12","","ARbeiten","","recording","teaching","","","","","","",""
"German","","","german-reading-00-01-a-question","german-reading-00-01","ah","A","","recording","listening","","","","","","",""
"German","","","german-reading-00-02-b-question","german-reading-00-02","geh","G","","recording","listening","","","","","","",""
"German","","","german-reading-00-03-c-question","german-reading-00-03","emm","M","","recording","listening","","","","","","",""
"German","","","german-reading-00-04-c-question","german-reading-00-04","err","R","","recording","listening","","","","","","",""
"German","","","german-reading-00-05-d-question","german-reading-00-05","iks","X","","recording","listening","","","","","","",""
"German","","","german-reading-00-06-e-question","german-reading-00-06","","ß","","recording","listening","","","","","","",""
"German","","","german-reading-00-05-e-teach","german-reading-00-05","üpsilon","Y","","recording","phrase","","","","","","",""
"German","","","german-reading-foundations-production-dictation","german-reading-foundations-production-checkpoint","ich","Escucha y escribe una de las palabras practicadas con CH","","recording","production","","","","","","",""
"German","","","german-reading-foundations-production-complete","german-reading-foundations-production-checkpoint","Bach","Escucha y escribe la otra palabra practicada con CH","","recording","production","","","","","","",""
"German","","","german-reading-00-01-b-teach","german-reading-00-01","beh","B","","recording","teaching","","","","","","",""
"German","","","german-reading-00-02-e-teach","german-reading-00-02","yot","J","","recording","teaching","","","","","","",""
"German","","","german-reading-00-03-b-question","german-reading-00-03","ell","L","","recording","listening","","","","","","",""
"German","","","german-reading-00-05-a-teach","german-reading-00-05","uh","U","","recording","teaching","","","","","","",""
"German","","","german-reading-00-06-a-question","german-reading-00-06","tsett","Z","","recording","listening","","","","","","",""
"German","","","german-reading-00-08-b-question","german-reading-00-08","","ö · ü","","recording","supplement","","","","","","",""
"German","","","german-reading-00-12-b-question","german-reading-00-12","","ARbeiten","","recording","supplement","","","","","","",""
"Italian","","","italian-reading-00-01-a-teach","italian-reading-00-01","a","A","","recording","teaching","","","","","","",""
"Italian","","","italian-reading-00-02-a-teach","italian-reading-00-02","effe","F","","recording","teaching","","","","","","",""
"Italian","","","italian-reading-00-02-e-teach","italian-reading-00-02","elle","L","","recording","teaching","","","","","","",""
"Italian","","","italian-reading-00-03-e-teach","italian-reading-00-03","cu","Q","","recording","teaching","","","","","","",""
"Italian","","","italian-reading-00-04-d-teach","italian-reading-00-04","u","U","","recording","teaching","","","","","","",""
"Italian","","","italian-reading-00-07-a-teach","italian-reading-00-07","","ca/co/cu · ce/ci","","recording","teaching","","","","","","",""
"Italian","","","italian-reading-00-09-a-teach","italian-reading-00-09","","gn: bagno","","recording","teaching","","","","","","",""
"Italian","","","italian-reading-00-11-b-teach","italian-reading-00-11","","l’acqua","","recording","teaching","","","","","","",""
"Italian","","","italian-reading-00-01-a-question","italian-reading-00-01","a","A","","recording","listening","","","","","","",""
"Italian","","","italian-reading-00-01-e-question","italian-reading-00-01","e","E","","recording","listening","","","","","","",""
"Italian","","","italian-reading-00-02-d-question","italian-reading-00-02","i","I","","recording","listening","","","","","","",""
"Italian","","","italian-reading-00-03-c-question","italian-reading-00-03","o","O","","recording","listening","","","","","","",""
"Italian","","","italian-reading-00-04-b-question","italian-reading-00-04","esse","S","","recording","listening","","","","","","",""
"Italian","","","italian-reading-00-05-a-question","italian-reading-00-05","zeta","Z","","recording","listening","","","","","","",""
"Italian","","","italian-reading-foundations-production-translate","italian-reading-foundations-production-checkpoint","","gn: bagno","","recording","production","","","","","","",""
"Italian","","","italian-reading-foundations-production-complete","italian-reading-foundations-production-checkpoint","scena","Escucha y escribe el ejemplo practicado de SC ante E","","recording","production","","","","","","",""
"Italian","","","italian-reading-00-01-b-teach","italian-reading-00-01","bi","B","","recording","teaching","","","","","","",""
"Italian","","","italian-reading-00-02-c-teach","italian-reading-00-02","acca","H","","recording","teaching","","","","","","",""
"Italian","","","italian-reading-00-03-b-teach","italian-reading-00-03","enne","N","","recording","teaching","","","","","","",""
"Italian","","","italian-reading-00-04-b-teach","italian-reading-00-04","esse","S","","recording","teaching","","","","","","",""
"Italian","","","italian-reading-00-05-a-teach","italian-reading-00-05","zeta","Z","","recording","teaching","","","","","","",""
"Italian","","","italian-reading-00-08-a-teach","italian-reading-00-08","","che · chi","","recording","teaching","","","","","","",""
"Italian","","","italian-reading-00-10-a-teach","italian-reading-00-10","","pala · palla","","recording","teaching","","","","","","",""
"Italian","","","italian-reading-foundations-production-blocks","italian-reading-foundations-production-checkpoint","","gn: bagno","","recording","production","","","","","","",""
"Portuguese","","","portuguese-reading-00-01-a-teach","portuguese-reading-00-01","á","A","","recording","teaching","","","","","","",""
"Portuguese","","","portuguese-reading-00-02-a-teach","portuguese-reading-00-02","efe","F","","recording","teaching","","","","","","",""
"Portuguese","","","portuguese-reading-00-03-a-teach","portuguese-reading-00-03","cá","K","","recording","teaching","","","","","","",""
"Portuguese","","","portuguese-reading-00-04-a-teach","portuguese-reading-00-04","pê","P","","recording","teaching","","","","","","",""
"Portuguese","","","portuguese-reading-00-05-a-teach","portuguese-reading-00-05","u","U","","recording","teaching","","","","","","",""
"Portuguese","","","portuguese-reading-00-07-b-teach","portuguese-reading-00-07","","e · o finales","","recording","teaching","","","","","","",""
"Portuguese","","","portuguese-reading-00-10-a-teach","portuguese-reading-00-10","","rua · carro","","recording","teaching","","","","","","",""
"Portuguese","","","portuguese-reading-00-12-b-teach","portuguese-reading-00-12","","Brasil · Portugal","","recording","teaching","","","","","","",""
"Portuguese","","","portuguese-reading-00-01-a-question","portuguese-reading-00-01","á","A","","recording","listening","","","","","","",""
"Portuguese","","","portuguese-reading-00-02-a-question","portuguese-reading-00-02","efe","F","","recording","listening","","","","","","",""
"Portuguese","","","portuguese-reading-00-03-a-question","portuguese-reading-00-03","cá","K","","recording","listening","","","","","","",""
"Portuguese","","","portuguese-reading-00-04-a-question","portuguese-reading-00-04","pê","P","","recording","listening","","","","","","",""
"Portuguese","","","portuguese-reading-00-05-a-question","portuguese-reading-00-05","u","U","","recording","listening","","","","","","",""
"Portuguese","","","portuguese-reading-00-06-a-question","portuguese-reading-00-06","zê","Z","","recording","listening","","","","","","",""
"Portuguese","","","portuguese-reading-00-05-c-teach","portuguese-reading-00-05","dáblio","W","","recording","phrase","","","","","","",""
"Portuguese","","","portuguese-reading-00-05-e-teach","portuguese-reading-00-05","ípsilon","Y","","recording","phrase","","","","","","",""
"Portuguese","","","portuguese-reading-foundations-production-translate","portuguese-reading-foundations-production-checkpoint","","rua · carro","","recording","production","","","","","","",""
"Portuguese","","","portuguese-reading-foundations-production-blocks","portuguese-reading-foundations-production-checkpoint","","rua · carro","","recording","production","","","","","","",""
"Portuguese","","","portuguese-reading-00-01-b-teach","portuguese-reading-00-01","bê","B","","recording","teaching","","","","","","",""
"Portuguese","","","portuguese-reading-00-02-b-question","portuguese-reading-00-02","gê","G","","recording","listening","","","","","","",""
"Portuguese","","","portuguese-reading-00-04-b-teach","portuguese-reading-00-04","quê","Q","","recording","teaching","","","","","","",""
"Portuguese","","","portuguese-reading-00-05-e-question","portuguese-reading-00-05","ípsilon","Y","","recording","listening","","","","","","",""
"Portuguese","","","portuguese-reading-00-09-b-question","portuguese-reading-00-09","","ch","","recording","supplement","","","","","","",""
"Portuguese","","","portuguese-reading-foundations-production-complete","portuguese-reading-foundations-production-checkpoint","casa","ca＿a","","recording","supplement","","","","","","",""
"Russian","","","russian-reading-00-01-a-teach","russian-reading-00-01","а","А","","recording","teaching","","","","","","",""
"Russian","","","russian-reading-00-02-c-teach","russian-reading-00-02","ё","Ё","","recording","teaching","","","","","","",""
"Russian","","","russian-reading-00-04-a-teach","russian-reading-00-04","эл","Л","","recording","teaching","","","","","","",""
"Russian","","","russian-reading-00-05-c-teach","russian-reading-00-05","эс","С","","recording","teaching","","","","","","",""
"Russian","","","russian-reading-00-06-d-teach","russian-reading-00-06","цэ","Ц","","recording","teaching","","","","","","",""
"Russian","","","russian-reading-00-08-d-teach","russian-reading-00-08","ю","Ю","","recording","teaching","","","","","","",""
"Russian","","","russian-reading-00-11-b-teach","russian-reading-00-11","","С = s · У = u · Х = j/kh","","recording","teaching","","","","","","",""
"Russian","","","russian-reading-00-14-b-teach","russian-reading-00-14","","ъ","","recording","teaching","","","","","","",""
"Russian","","","russian-reading-00-01-a-question","russian-reading-00-01","а","А","","recording","listening","","","","","","",""
"Russian","","","russian-reading-00-02-c-question","russian-reading-00-02","ё","Ё","","recording","listening","","","","","","",""
"Russian","","","russian-reading-00-04-b-question","russian-reading-00-04","эм","М","","recording","listening","","","","","","",""
"Russian","","","russian-reading-00-05-d-question","russian-reading-00-05","тэ","Т","","recording","listening","","","","","","",""
"Russian","","","russian-reading-00-07-c-question","russian-reading-00-07","ща","Щ","","recording","listening","","","","","","",""
"Russian","","","russian-reading-00-09-a-question","russian-reading-00-09","я","Я","","recording","listening","","","","","","",""
"Russian","","","russian-reading-00-03-c-teach","russian-reading-00-03","и краткое","Й","","recording","phrase","","","","","","",""
"Russian","","","russian-reading-00-07-d-teach","russian-reading-00-07","твёрдый знак","Ъ","","recording","phrase","","","","","","",""
"Russian","","","russian-reading-00-08-b-teach","russian-reading-00-08","мягкий знак","Ь","","recording","phrase","","","","","","",""
"Russian","","","russian-reading-foundations-production-translate","russian-reading-foundations-production-checkpoint","","нь · ть","","recording","production","","","","","","",""
"Russian","","","russian-reading-foundations-production-complete","russian-reading-foundations-production-checkpoint","ша","Escucha otro nombre de letra y escribe su grafía","","recording","production","","","","","","",""
"Russian","","","russian-reading-00-01-b-teach","russian-reading-00-01","бэ","Б","","recording","teaching","","","","","","",""
"Russian","","","russian-reading-00-03-d-question","russian-reading-00-03","ка","К","","recording","listening","","","","","","",""
"Russian","","","russian-reading-00-06-b-question","russian-reading-00-06","эф","Ф","","recording","listening","","","","","","",""
"Russian","","","russian-reading-00-10-b-teach","russian-reading-00-10","","мама","","recording","teaching","","","","","","",""
"Russian","","","russian-reading-foundations-production-blocks","russian-reading-foundations-production-checkpoint","","нь · ть","","recording","production","","","","","","",""
"Chinese","","","chinese-reading-00-01-a-teach","chinese-reading-00-01","mā","m + a → mā","","recording","teaching","","","","","","",""
"Chinese","","","chinese-reading-00-02-c-teach","chinese-reading-00-02","mǎ","mǎ","","recording","teaching","","","","","","",""
"Chinese","","","chinese-reading-00-03-b-teach","chinese-reading-00-03","pā","pā","","recording","teaching","","","","","","",""
"Chinese","","","chinese-reading-00-03-f-teach","chinese-reading-00-03","kē","kē","","recording","teaching","","","","","","",""
"Chinese","","","chinese-reading-00-04-c-teach","chinese-reading-00-04","xī","xī","","recording","teaching","","","","","","",""
"Chinese","","","chinese-reading-00-05-d-teach","chinese-reading-00-05","rì","rì","","recording","teaching","","","","","","",""
"Chinese","","","chinese-reading-00-06-c-teach","chinese-reading-00-06","nǚ","ü → nǚ","","recording","teaching","","","","","","",""
"Chinese","","","chinese-reading-00-08-a-teach","chinese-reading-00-08","hǎo","女 + 子 → 好","","recording","teaching","","","","","","",""
"Chinese","","","chinese-reading-00-02-a-question","chinese-reading-00-02","mā","mā","","recording","listening","","","","","","",""
"Chinese","","","chinese-reading-00-02-b-question","chinese-reading-00-02","má","má","","recording","listening","","","","","","",""
"Chinese","","","chinese-reading-00-02-c-question","chinese-reading-00-02","mǎ","mǎ","","recording","listening","","","","","","",""
"Chinese","","","chinese-reading-00-02-d-question","chinese-reading-00-02","mà","mà","","recording","listening","","","","","","",""
"Chinese","","","chinese-reading-00-08-b-teach","chinese-reading-00-08","nǐ hǎo","你好","","recording","phrase","","","","","","",""
"Chinese","","","chinese-reading-foundations-production-dictation","chinese-reading-foundations-production-checkpoint","nǐ","Escucha y escribe el carácter aprendido que significa «tú»","","recording","production","","","","","","",""
"Chinese","","","chinese-reading-00-01-b-teach","chinese-reading-00-01","nǐ","n + i → nǐ","","recording","teaching","","","","","","",""
"Chinese","","","chinese-reading-00-02-b-teach","chinese-reading-00-02","má","má","","recording","teaching","","","","","","",""
"Chinese","","","chinese-reading-00-03-a-teach","chinese-reading-00-03","bā","bā","","recording","teaching","","","","","","",""
"Chinese","","","chinese-reading-00-03-d-teach","chinese-reading-00-03","tā","tā","","recording","teaching","","","","","","",""
"Chinese","","","chinese-reading-00-04-a-teach","chinese-reading-00-04","jī","jī","","recording","teaching","","","","","","",""
"Chinese","","","chinese-reading-00-05-a-teach","chinese-reading-00-05","zhī","zhī","","recording","teaching","","","","","","",""
"Chinese","","","chinese-reading-00-05-c-teach","chinese-reading-00-05","shī","shī","","recording","teaching","","","","","","",""
"Chinese","","","chinese-reading-00-06-b-teach","chinese-reading-00-06","nǐ","i → nǐ","","recording","teaching","","","","","","",""
"Chinese","","","chinese-reading-00-07-b-teach","chinese-reading-00-07","hǎo","好","bien / bueno","recording","teaching","","","","","","",""
"Chinese","","","chinese-reading-foundations-production-complete","chinese-reading-foundations-production-checkpoint","nǐ","＿好","","recording","supplement","","","","","","",""
"Arabic","","","arabic-reading-00-01-a-teach","arabic-reading-00-01","ألف","ا","","recording","teaching","","","","","","",""
"Arabic","","","arabic-reading-00-02-b-teach","arabic-reading-00-02","حاء","ح","","recording","teaching","","","","","","",""
"Arabic","","","arabic-reading-00-03-b-teach","arabic-reading-00-03","راء","ر","","recording","teaching","","","","","","",""
"Arabic","","","arabic-reading-00-04-c-teach","arabic-reading-00-04","ضاد","ض","","recording","teaching","","","","","","",""
"Arabic","","","arabic-reading-00-05-d-teach","arabic-reading-00-05","فاء","ف","","recording","teaching","","","","","","",""
"Arabic","","","arabic-reading-00-07-a-teach","arabic-reading-00-07","نون","ن","","recording","teaching","","","","","","",""
"Arabic","","","arabic-reading-00-08-b-teach","arabic-reading-00-08","","ب · ت · ث","","recording","teaching","","","","","","",""
"Arabic","","","arabic-reading-00-13-b-teach","arabic-reading-00-13","","كتاب","","recording","teaching","","","","","","",""
"Arabic","","","arabic-reading-00-01-a-question","arabic-reading-00-01","ألف","ا","","recording","listening","","","","","","",""
"Arabic","","","arabic-reading-00-02-b-question","arabic-reading-00-02","حاء","ح","","recording","listening","","","","","","",""
"Arabic","","","arabic-reading-00-03-d-question","arabic-reading-00-03","سين","س","","recording","listening","","","","","","",""
"Arabic","","","arabic-reading-00-05-a-question","arabic-reading-00-05","ظاء","ظ","","recording","listening","","","","","","",""
"Arabic","","","arabic-reading-00-06-c-question","arabic-reading-00-06","لام","ل","","recording","listening","","","","","","",""
"Arabic","","","arabic-reading-00-07-d-question","arabic-reading-00-07","ياء","ي","","recording","listening","","","","","","",""
"Arabic","","","arabic-reading-00-01-b-teach","arabic-reading-00-01","باء","ب","","recording","teaching","","","","","","",""
"Arabic","","","arabic-reading-00-02-a-teach","arabic-reading-00-02","جيم","ج","","recording","teaching","","","","","","",""
"Arabic","","","arabic-reading-00-03-a-teach","arabic-reading-00-03","ذال","ذ","","recording","teaching","","","","","","",""
"Arabic","","","arabic-reading-00-04-a-teach","arabic-reading-00-04","شين","ش","","recording","teaching","","","","","","",""
"Arabic","","","arabic-reading-00-04-d-question","arabic-reading-00-04","طاء","ط","","recording","listening","","","","","","",""
"Arabic","","","arabic-reading-00-05-c-question","arabic-reading-00-05","غين","غ","","recording","listening","","","","","","",""
"Arabic","","","arabic-reading-00-06-a-question","arabic-reading-00-06","قاف","ق","","recording","listening","","","","","","",""
"Arabic","","","arabic-reading-00-07-a-question","arabic-reading-00-07","نون","ن","","recording","listening","","","","","","",""
"Arabic","","","arabic-reading-00-11-a-teach","arabic-reading-00-11","","َ ِ ُ","","recording","teaching","","","","","","",""
"Arabic","","","arabic-reading-00-13-b-question","arabic-reading-00-13","","كتاب","","recording","supplement","","","","","","",""
"Korean","","","korean-hangul-00-vowels-a","korean-hangul-00-vowels-vertical","아","ㅇ + ㅏ = 아","","recording","teaching","","","","","","",""
"Korean","","","korean-hangul-00-vowels-o","korean-hangul-00-vowels-horizontal","오","ㅇ + ㅗ = 오","","recording","teaching","","","","","","",""
"Korean","","","korean-hangul-00-consonants-n","korean-hangul-00-consonants-1","나","ㄴ + ㅏ = 나","","recording","teaching","","","","","","",""
"Korean","","","korean-hangul-00-consonants-d","korean-hangul-00-consonants-2","다","ㄷ + ㅏ = 다","","recording","teaching","","","","","","",""
"Korean","","","korean-hangul-00-consonants-s","korean-hangul-00-consonants-2","사","ㅅ + ㅏ = 사","","recording","teaching","","","","","","",""
"Korean","","","korean-hangul-00-batchim-h","korean-hangul-00-batchim","하","ㅎ + ㅏ = 하","","recording","teaching","","","","","","",""
"Korean","","","korean-hangul-00-word-tree-teach","korean-hangul-00-words","나무","나무","árbol","recording","teaching","","","","","","",""
"Korean","","","korean-hangul-00-word-korean-teach","korean-hangul-00-words","한국어","한국어","idioma coreano","recording","teaching","","","","","","",""
"Korean","","","korean-hangul-00-vowels-a-listen","korean-hangul-00-vowels-vertical","아","Escucha y elige la sílaba que oyes","","recording","listening","","","","","","",""
"Korean","","","korean-hangul-00-vowels-o-listen","korean-hangul-00-vowels-horizontal","오","Escucha y elige la sílaba que oyes","","recording","listening","","","","","","",""
"Korean","","","korean-hangul-00-consonants-g-listen","korean-hangul-00-consonants-1","가","Escucha y elige el bloque correcto","","recording","listening","","","","","","",""
"Korean","","","korean-hangul-00-consonants-r-listen","korean-hangul-00-consonants-2","라","Escucha y elige el bloque correcto","","recording","listening","","","","","","",""
"Korean","","","korean-hangul-00-batchim-han-listen","korean-hangul-00-batchim","한","Escucha y elige el bloque correcto","","recording","listening","","","","","","",""
"Korean","","","korean-hangul-00-word-korean-listen","korean-hangul-00-words","한국어","Escucha y elige la palabra correcta","","recording","listening","","","","","","",""
"Korean","","","korean-hangul-foundations-production-translate","korean-hangul-foundations-production-checkpoint","문","문","","recording","production","","","","","","",""
"Korean","","","korean-hangul-foundations-production-dictation","korean-hangul-foundations-production-checkpoint","밥","Escucha y escribe exactamente la grafía o grupo que oyes","","recording","production","","","","","","",""
"Korean","","","korean-hangul-00-vowels-eo","korean-hangul-00-vowels-vertical","어","ㅇ + ㅓ = 어","","recording","teaching","","","","","","",""
"Korean","","","korean-hangul-00-vowels-u","korean-hangul-00-vowels-horizontal","우","ㅇ + ㅜ = 우","","recording","teaching","","","","","","",""
"Korean","","","korean-hangul-00-consonants-g","korean-hangul-00-consonants-1","가","ㄱ + ㅏ = 가","","recording","teaching","","","","","","",""
"Korean","","","korean-hangul-00-consonants-r","korean-hangul-00-consonants-2","라","ㄹ + ㅏ = 라","","recording","teaching","","","","","","",""
"Korean","","","korean-hangul-00-blocks-vertical","korean-hangul-00-blocks","가","ㄱ + ㅏ = 가","","recording","teaching","","","","","","",""
"Korean","","","korean-hangul-00-batchim-mun","korean-hangul-00-batchim","문","ㅁ + ㅜ + ㄴ = 문","","recording","teaching","","","","","","",""
"Korean","","","korean-hangul-00-word-milk-teach","korean-hangul-00-words","우유","우유","leche","recording","teaching","","","","","","",""
"Korean","","","korean-hangul-foundations-production-complete","korean-hangul-foundations-production-checkpoint","밥","«밥» → __","","recording","supplement","","","","","","",""
"Japanese","","","japanese-reading-00-01-a-teach","japanese-reading-00-01","","あ い う え お","","recording","teaching","","","","","","",""
"Japanese","","","japanese-reading-00-02-a-teach","japanese-reading-00-02","","あ い う え お","","recording","teaching","","","","","","",""
"Japanese","","","japanese-reading-00-02-b-teach","japanese-reading-00-02","ひと","ひと","","recording","teaching","","","","","","",""
"Japanese","","","japanese-reading-00-03-b-teach","japanese-reading-00-03","","し · ち · つ · ふ","","recording","teaching","","","","","","",""
"Japanese","","","japanese-reading-00-04-a-teach","japanese-reading-00-04","","か→が · は→ぱ","","recording","teaching","","","","","","",""
"Japanese","","","japanese-reading-00-05-a-teach","japanese-reading-00-05","","おばさん · おばあさん","","recording","teaching","","","","","","",""
"Japanese","","","japanese-reading-00-05-b-teach","japanese-reading-00-05","コーヒー","コーヒー","","recording","teaching","","","","","","",""
"Japanese","","","japanese-reading-00-06-b-teach","japanese-reading-00-06","ひと","人（ひと）","","recording","teaching","","","","","","",""
"Japanese","","","japanese-reading-foundations-production-dictation","japanese-reading-foundations-production-checkpoint","","きゃ · っ","","recording","production","","","","","","",""
"Japanese","","","japanese-reading-foundations-production-complete","japanese-reading-foundations-production-checkpoint","きゃ","Escucha y escribe la sílaba que oyes","","recording","production","","","","","","",""
"Japanese","","","japanese-reading-00-01-a-question","japanese-reading-00-01","","あ い う え お","","recording","supplement","","","","","","",""
"Japanese","","","japanese-reading-00-01-b-teach","japanese-reading-00-01","","ア · 日","","recording","teaching","","","","","","",""
"Japanese","","","japanese-reading-00-01-b-question","japanese-reading-00-01","","ア · 日","","recording","supplement","","","","","","",""
"Japanese","","","japanese-reading-00-02-a-question","japanese-reading-00-02","","あ い う え お","","recording","supplement","","","","","","",""
"Japanese","","","japanese-reading-00-03-a-teach","japanese-reading-00-03","","か き く け こ","","recording","teaching","","","","","","",""
"Japanese","","","japanese-reading-00-03-a-question","japanese-reading-00-03","","か き く け こ","","recording","supplement","","","","","","",""
"Japanese","","","japanese-reading-00-03-b-question","japanese-reading-00-03","","し · ち · つ · ふ","","recording","supplement","","","","","","",""
"Japanese","","","japanese-reading-00-04-a-question","japanese-reading-00-04","","か→が · は→ぱ","","recording","supplement","","","","","","",""
"Japanese","","","japanese-reading-00-04-b-teach","japanese-reading-00-04","","きゃ · っ","","recording","teaching","","","","","","",""
"Japanese","","","japanese-reading-00-05-a-question","japanese-reading-00-05","","おばさん · おばあさん","","recording","supplement","","","","","","",""
"Japanese","","","japanese-reading-00-06-a-teach","japanese-reading-00-06","ひと","人","","recording","teaching","","","","","","",""
